,status,currency,country_code,Country
id,failed,USD,US,
1,success,NGN,NG,
2,abandoned,NGN,null,
3,success,NGN,NG,
4,abandoned,NGN,NG,
5,abandoned,NGN,null,
6,success,NGN,NG,
7,abandoned,USD,null,
8,abandoned,NGN,null,
9,abandoned,NGN,null,
10,success,NGN,NG,
11,failed,USD,US,
12,abandoned,NGN,NG,
13,success,NGN,NG,
14,abandoned,NGN,NG,
15,success,NGN,NG,
16,abandoned,NGN,null,
17,abandoned,NGN,null,
18,abandoned,USD,US,
19,failed,USD,US,
20,success,NGN,US,
21,failed,NGN,GB,
22,abandoned,NGN,null,
23,abandoned,NGN,GH,
24,failed,NGN,GB,
25,success,NGN,NG,
26,failed,NGN,NG,
27,failed,NGN,null,
28,failed,NGN,NG,
29,abandoned,USD,null,
30,abandoned,USD,US,
31,success,NGN,NG,
32,abandoned,USD,null,
33,success,NGN,NG,
34,abandoned,NGN,null,
35,failed,NGN,NG,
36,abandoned,USD,null,
37,abandoned,NGN,null,
38,success,USD,ZA,
39,success,NGN,NG,
40,abandoned,NGN,NG,
41,abandoned,NGN,null,
42,abandoned,NGN,null,
43,success,NGN,NG,
44,abandoned,NGN,null,
45,abandoned,NGN,null,
46,abandoned,NGN,null,
47,success,NGN,GB,
48,abandoned,NGN,null,
49,failed,NGN,NG,
50,success,NGN,NG,
51,abandoned,NGN,null,
52,success,NGN,GB,
53,abandoned,NGN,null,
54,abandoned,NGN,null,
55,success,NGN,NG,
56,success,NGN,NG,
57,abandoned,NGN,null,
58,success,NGN,NG,
59,success,USD,GB,
60,success,NGN,NG,
61,success,NGN,NG,
62,abandoned,USD,US,
63,abandoned,NGN,null,
64,success,NGN,NG,
65,abandoned,USD,null,
66,success,NGN,,
67,abandoned,NGN,null,
68,abandoned,NGN,null,
69,success,NGN,NG,
70,abandoned,NGN,null,
71,abandoned,USD,null,
72,abandoned,NGN,null,
73,abandoned,NGN,null,
74,success,NGN,NG,
75,abandoned,NGN,null,
76,failed,NGN,NG,
77,success,NGN,NG,
78,abandoned,NGN,null,
79,success,NGN,NG,
80,success,NGN,NG,
81,abandoned,NGN,null,
82,success,USD,US,
83,success,NGN,NG,
84,success,NGN,NG,
85,abandoned,NGN,null,
86,success,NGN,NG,
87,failed,NGN,US,
88,success,USD,US,
89,abandoned,NGN,null,
90,abandoned,NGN,null,
91,success,NGN,NG,
92,abandoned,NGN,null,
93,abandoned,NGN,null,
94,success,NGN,NG,
95,abandoned,USD,null,
96,success,NGN,NG,
97,failed,NGN,NG,
98,abandoned,NGN,null,
99,abandoned,USD,null,
100,failed,NGN,NG,
101,abandoned,NGN,null,
102,success,NGN,GB,
103,success,USD,US,
104,abandoned,NGN,null,
105,success,USD,,
106,abandoned,NGN,null,
107,success,NGN,GB,
108,abandoned,NGN,null,
109,abandoned,NGN,null,
110,abandoned,USD,null,
111,abandoned,NGN,null,
112,success,NGN,NG,
113,abandoned,NGN,null,
114,abandoned,NGN,null,
115,success,NGN,NG,
116,abandoned,NGN,null,
117,abandoned,USD,null,
118,abandoned,NGN,null,
119,success,NGN,NG,
120,abandoned,NGN,null,
121,abandoned,NGN,null,
122,success,NGN,NG,
123,success,NGN,NG,
124,success,NGN,NG,
125,success,NGN,NG,
126,abandoned,USD,IT,
127,abandoned,USD,null,
128,success,NGN,NG,
129,success,NGN,US,
130,success,NGN,NG,
131,failed,NGN,NG,
132,failed,NGN,NG,
133,abandoned,NGN,null,
134,success,NGN,NG,
135,success,NGN,NG,
136,failed,USD,US,
137,abandoned,NGN,null,
138,success,NGN,NG,
139,success,NGN,NG,
140,success,NGN,NG,
141,success,NGN,NG,
142,abandoned,USD,null,
143,abandoned,NGN,null,
144,failed,USD,US,
145,reversed,NGN,NG,
146,success,NGN,NG,
147,abandoned,USD,null,
148,abandoned,NGN,NG,
149,success,NGN,NG,
150,failed,NGN,NG,
151,success,NGN,NG,
152,abandoned,USD,null,
153,success,NGN,NG,
154,abandoned,NGN,null,
155,failed,NGN,NG,
156,success,NGN,NG,
157,success,NGN,NG,
158,abandoned,NGN,NG,
159,success,NGN,US,
160,abandoned,NGN,null,
161,success,NGN,NG,
162,success,USD,GB,
163,abandoned,NGN,null,
164,abandoned,NGN,null,
165,success,NGN,NG,
166,abandoned,USD,null,
167,abandoned,NGN,null,
168,abandoned,NGN,null,
169,failed,NGN,NG,
170,success,NGN,NG,
171,abandoned,NGN,null,
172,success,NGN,NG,
173,success,NGN,NG,
174,failed,NGN,US,
175,abandoned,USD,null,
176,success,NGN,NG,
177,abandoned,NGN,null,
178,abandoned,NGN,null,
179,abandoned,USD,null,
180,success,NGN,NG,
181,failed,NGN,NG,
182,success,NGN,NG,
183,abandoned,NGN,null,
184,abandoned,USD,null,
185,abandoned,NGN,null,
186,success,NGN,NG,
187,abandoned,NGN,null,
188,abandoned,NGN,null,
189,failed,USD,US,
190,abandoned,NGN,null,
191,abandoned,NGN,null,
192,success,NGN,NG,
193,success,NGN,NG,
194,abandoned,NGN,null,
195,success,NGN,NG,
196,failed,USD,NG,
197,success,NGN,NG,
198,success,USD,IE,
199,success,NGN,NG,
200,abandoned,NGN,null,
201,abandoned,NGN,null,
202,abandoned,USD,null,
203,abandoned,NGN,null,
204,failed,NGN,NG,
205,success,USD,NG,
206,success,USD,ZA,
207,abandoned,NGN,null,
208,success,NGN,NG,
209,abandoned,NGN,null,
210,abandoned,NGN,null,
211,success,NGN,NG,
212,success,NGN,NG,
213,abandoned,NGN,null,
214,failed,NGN,NG,
215,abandoned,NGN,null,
216,success,NGN,GB,
217,abandoned,NGN,null,
218,success,USD,US,
219,success,NGN,NG,
220,abandoned,USD,US,
221,success,NGN,NG,
222,success,NGN,NG,
223,failed,USD,US,
224,abandoned,NGN,null,
225,success,NGN,NG,
226,failed,USD,US,
227,abandoned,USD,null,
228,abandoned,NGN,NG,
229,success,NGN,NG,
230,abandoned,NGN,null,
231,failed,NGN,CA,
232,abandoned,NGN,null,
233,success,NGN,NG,
234,abandoned,NGN,null,
235,abandoned,NGN,null,
236,success,NGN,NG,
237,abandoned,NGN,US,
238,success,USD,GB,
239,success,NGN,NG,
240,abandoned,USD,US,
241,abandoned,NGN,null,
242,failed,NGN,NG,
243,failed,USD,US,
244,abandoned,NGN,NG,
245,success,NGN,NG,
246,success,NGN,NG,
247,success,NGN,NG,
248,reversed,NGN,NG,
249,abandoned,NGN,null,
250,success,USD,CA,
251,abandoned,NGN,null,
252,success,NGN,NG,
253,success,NGN,NG,
254,success,NGN,NG,
255,success,NGN,NG,
256,abandoned,USD,null,
257,failed,USD,GB,
258,failed,NGN,NG,
259,success,NGN,NG,
260,abandoned,NGN,null,
261,abandoned,NGN,null,
262,abandoned,USD,null,
263,success,NGN,GB,
264,abandoned,NGN,null,
265,abandoned,NGN,null,
266,failed,NGN,NG,
267,success,NGN,NG,
268,abandoned,NGN,null,
269,abandoned,NGN,null,
270,success,USD,US,
271,success,NGN,NG,
272,success,NGN,GB,
273,success,NGN,NG,
274,abandoned,NGN,null,
275,failed,NGN,NG,
276,success,NGN,NG,
277,success,NGN,NG,
278,abandoned,NGN,null,
279,abandoned,USD,null,
280,abandoned,NGN,null,
281,abandoned,NGN,null,
282,success,NGN,NG,
283,abandoned,NGN,null,
284,abandoned,NGN,null,
285,success,NGN,NG,
286,abandoned,USD,null,
287,abandoned,NGN,null,
288,abandoned,NGN,NG,
289,abandoned,NGN,null,
290,abandoned,USD,null,
291,success,NGN,NG,
292,abandoned,NGN,null,
293,abandoned,NGN,NG,
294,success,NGN,NG,
295,abandoned,NGN,null,
296,success,NGN,NG,
297,abandoned,NGN,null,
298,success,NGN,NG,
299,abandoned,NGN,null,
300,success,USD,GB,
301,success,NGN,ZA,
302,success,NGN,NG,
303,abandoned,USD,null,
304,abandoned,NGN,null,
305,success,NGN,US,
306,success,USD,,
307,failed,USD,US,
308,success,NGN,NG,
309,abandoned,NGN,null,
310,success,NGN,NG,
311,success,NGN,NG,
312,success,NGN,NG,
313,failed,NGN,NG,
314,success,NGN,NG,
315,abandoned,NGN,null,
316,abandoned,NGN,null,
317,success,NGN,NG,
318,success,NGN,NG,
319,success,NGN,NG,
320,abandoned,NGN,null,
321,success,NGN,NG,
322,success,NGN,NG,
323,success,NGN,NG,
324,failed,NGN,NG,
325,success,NGN,NG,
326,abandoned,NGN,null,
327,success,NGN,NG,
328,abandoned,USD,null,
329,abandoned,NGN,null,
330,success,USD,US,
331,abandoned,NGN,null,
332,failed,NGN,NG,
333,abandoned,NGN,null,
334,success,NGN,NG,
335,abandoned,NGN,null,
336,abandoned,NGN,null,
337,failed,USD,US,
338,success,NGN,NG,
339,abandoned,NGN,null,
340,abandoned,NGN,null,
341,success,NGN,NG,
342,success,USD,US,
343,success,NGN,NG,
344,success,NGN,NG,
345,success,NGN,NG,
346,abandoned,NGN,null,
347,abandoned,NGN,null,
348,abandoned,NGN,null,
349,abandoned,NGN,null,
350,abandoned,NGN,null,
351,abandoned,NGN,null,
352,success,NGN,NG,
353,abandoned,USD,null,
354,success,NGN,NG,
355,failed,NGN,,
356,failed,NGN,BD,
357,success,USD,US,
358,abandoned,NGN,null,
359,abandoned,NGN,null,
360,abandoned,NGN,null,
361,failed,USD,NA,
362,success,NGN,NG,
363,success,NGN,NG,
364,success,NGN,NG,
365,abandoned,NGN,null,
366,abandoned,NGN,null,
367,success,NGN,NG,
368,failed,NGN,NG,
369,abandoned,NGN,null,
370,failed,NGN,GB,
371,abandoned,NGN,null,
372,success,NGN,NG,
373,success,NGN,NG,
374,abandoned,NGN,null,
375,failed,NGN,NG,
376,abandoned,USD,null,
377,abandoned,NGN,NG,
378,abandoned,USD,null,
379,abandoned,NGN,null,
380,success,NGN,NG,
381,success,NGN,NG,
382,success,NGN,NG,
383,success,NGN,NG,
384,abandoned,USD,null,
385,abandoned,NGN,null,
386,abandoned,NGN,null,
387,success,NGN,NG,
388,success,NGN,NG,
389,abandoned,USD,US,
390,abandoned,NGN,null,
391,abandoned,NGN,null,
392,success,NGN,NG,
393,abandoned,NGN,null,
394,abandoned,NGN,null,
395,abandoned,USD,null,
396,success,USD,ZA,
397,success,NGN,GB,
398,success,NGN,NG,
399,abandoned,NGN,null,
400,abandoned,NGN,null,
401,reversed,NGN,NG,
402,success,NGN,NG,
403,success,NGN,NG,
404,abandoned,NGN,null,
405,abandoned,NGN,null,
406,success,NGN,NG,
407,success,NGN,NG,
408,success,NGN,NG,
409,success,NGN,GB,
410,reversed,NGN,NG,
411,failed,NGN,CA,
412,success,NGN,NG,
413,failed,NGN,NG,
414,abandoned,NGN,null,
415,failed,NGN,NG,
416,abandoned,NGN,null,
417,success,NGN,NG,
418,abandoned,NGN,null,
419,success,NGN,NG,
420,abandoned,NGN,null,
421,abandoned,NGN,null,
422,success,NGN,NG,
423,abandoned,NGN,null,
424,failed,NGN,US,
425,failed,NGN,null,
426,success,NGN,NG,
427,abandoned,NGN,null,
428,abandoned,NGN,null,
429,success,NGN,NG,
430,success,NGN,NG,
431,success,NGN,NG,
432,success,NGN,NG,
433,abandoned,NGN,null,
434,success,NGN,NG,
435,success,USD,JP,
436,success,NGN,NG,
437,abandoned,NGN,null,
438,abandoned,NGN,null,
439,abandoned,NGN,null,
440,abandoned,NGN,null,
441,success,NGN,NG,
442,success,NGN,NG,
443,abandoned,NGN,null,
444,abandoned,NGN,null,
445,success,NGN,NG,
446,abandoned,NGN,null,
447,abandoned,USD,null,
448,abandoned,NGN,null,
449,reversed,USD,GB,
450,abandoned,NGN,null,
451,abandoned,USD,null,
452,success,NGN,NG,
453,abandoned,NGN,null,
454,abandoned,NGN,null,
455,abandoned,NGN,null,
456,abandoned,NGN,null,
457,success,NGN,NG,
458,failed,USD,US,
459,success,USD,,
460,abandoned,NGN,null,
461,abandoned,NGN,null,
462,abandoned,NGN,null,
463,abandoned,NGN,null,
464,failed,NGN,NG,
465,success,NGN,NG,
466,failed,NGN,US,
467,abandoned,USD,null,
468,abandoned,NGN,null,
469,success,NGN,NG,
470,success,NGN,NG,
471,abandoned,NGN,null,
472,abandoned,NGN,null,
473,abandoned,NGN,null,
474,abandoned,NGN,null,
475,failed,NGN,NG,
476,abandoned,USD,null,
477,success,NGN,NG,
478,success,USD,US,
479,abandoned,NGN,null,
480,abandoned,NGN,null,
481,failed,NGN,null,
482,abandoned,NGN,null,
483,success,USD,,
484,abandoned,NGN,null,
485,success,NGN,NG,
486,success,NGN,NG,
487,failed,NGN,NG,
488,abandoned,NGN,null,
489,abandoned,NGN,null,
490,success,NGN,NG,
491,failed,NGN,null,
492,abandoned,NGN,NG,
493,abandoned,USD,null,
494,success,NGN,NG,
495,abandoned,NGN,null,
496,failed,NGN,NG,
497,success,NGN,NG,
498,abandoned,NGN,null,
499,abandoned,NGN,null,
500,success,NGN,NG,
501,abandoned,NGN,null,
502,abandoned,NGN,null,
503,abandoned,NGN,null,
504,success,NGN,NG,
505,abandoned,USD,null,
506,abandoned,NGN,null,
507,failed,NGN,NG,
508,abandoned,USD,null,
509,success,NGN,NG,
510,abandoned,NGN,null,
511,success,NGN,NG,
512,abandoned,NGN,null,
513,failed,NGN,NG,
514,abandoned,NGN,null,
515,abandoned,NGN,null,
516,success,NGN,NG,
517,success,NGN,NG,
518,success,NGN,NG,
519,success,NGN,NG,
520,abandoned,NGN,NG,
521,failed,USD,US,
522,success,NGN,NG,
523,abandoned,NGN,null,
524,success,NGN,NG,
525,success,NGN,NG,
526,success,NGN,NG,
527,abandoned,NGN,null,
528,success,NGN,NG,
529,abandoned,NGN,null,
530,abandoned,NGN,null,
531,abandoned,NGN,NG,
532,success,NGN,NG,
533,failed,USD,US,
534,failed,NGN,NG,
535,success,USD,GB,
536,abandoned,NGN,null,
537,failed,USD,US,
538,success,NGN,NG,
539,success,NGN,NG,
540,abandoned,NGN,null,
541,abandoned,NGN,null,
542,success,NGN,NG,
543,success,NGN,NG,
544,abandoned,NGN,null,
545,reversed,NGN,NG,
546,abandoned,NGN,null,
547,success,NGN,NG,
548,abandoned,NGN,null,
549,abandoned,NGN,null,
550,abandoned,USD,US,
551,success,NGN,NG,
552,failed,NGN,null,
553,success,NGN,NG,
554,abandoned,NGN,null,
555,success,NGN,NG,
556,abandoned,NGN,null,
557,abandoned,NGN,null,
558,success,USD,US,
559,abandoned,NGN,null,
560,success,NGN,NG,
561,abandoned,NGN,null,
562,failed,USD,US,
563,abandoned,USD,null,
564,abandoned,NGN,null,
565,failed,NGN,NG,
566,abandoned,NGN,null,
567,success,NGN,NG,
568,failed,NGN,GB,
569,abandoned,USD,null,
570,success,NGN,NG,
571,abandoned,NGN,null,
572,abandoned,USD,null,
573,abandoned,NGN,null,
574,success,USD,US,
575,abandoned,USD,null,
576,abandoned,USD,FR,
577,failed,NGN,NG,
578,success,NGN,GB,
579,abandoned,USD,null,
580,failed,NGN,NG,
581,abandoned,NGN,null,
582,success,NGN,NG,
583,success,NGN,NG,
584,abandoned,USD,null,
585,abandoned,NGN,null,
586,abandoned,NGN,null,
587,success,NGN,NG,
588,success,NGN,NG,
589,success,NGN,NG,
590,failed,NGN,NG,
591,abandoned,NGN,null,
592,success,NGN,NG,
593,abandoned,NGN,NG,
594,abandoned,NGN,null,
595,success,NGN,NG,
596,abandoned,NGN,null,
597,success,NGN,NG,
598,success,NGN,NG,
599,abandoned,NGN,null,
600,abandoned,NGN,null,
601,success,NGN,NG,
602,abandoned,NGN,null,
603,abandoned,NGN,null,
604,success,NGN,NG,
605,abandoned,NGN,null,
606,failed,NGN,NG,
607,success,NGN,NG,
608,failed,USD,US,
609,success,NGN,NG,
610,success,NGN,NG,
611,abandoned,NGN,NG,
612,abandoned,NGN,null,
613,failed,NGN,NG,
614,success,NGN,NG,
615,success,NGN,NG,
616,success,NGN,NG,
617,abandoned,NGN,null,
618,success,NGN,NG,
619,abandoned,NGN,null,
620,abandoned,NGN,null,
621,abandoned,USD,GB,
622,abandoned,NGN,null,
623,abandoned,NGN,null,
624,success,NGN,NG,
625,success,NGN,NG,
626,abandoned,NGN,null,
627,abandoned,USD,US,
628,failed,NGN,GB,
629,abandoned,NGN,null,
630,abandoned,NGN,null,
631,abandoned,NGN,null,
632,success,NGN,NG,
633,abandoned,NGN,null,
634,success,NGN,NG,
635,abandoned,NGN,null,
636,failed,NGN,NG,
637,success,NGN,NG,
638,success,NGN,NG,
639,failed,NGN,NG,
640,success,NGN,NG,
641,abandoned,USD,null,
642,abandoned,NGN,null,
643,success,NGN,NG,
644,success,NGN,NG,
645,failed,NGN,NG,
646,abandoned,NGN,null,
647,success,NGN,NG,
648,abandoned,NGN,null,
649,abandoned,NGN,null,
650,success,NGN,NG,
651,success,NGN,NG,
652,abandoned,NGN,null,
653,success,NGN,NG,
654,abandoned,NGN,NG,
655,success,NGN,NG,
656,abandoned,NGN,null,
657,success,NGN,NG,
658,success,NGN,NG,
659,success,NGN,NG,
660,success,NGN,NG,
661,success,NGN,NG,
662,failed,NGN,NG,
663,abandoned,NGN,null,
664,abandoned,USD,US,
665,abandoned,NGN,null,
666,success,NGN,NG,
667,abandoned,NGN,null,
668,failed,USD,US,
669,success,NGN,NG,
670,success,NGN,NG,
671,success,NGN,NG,
672,abandoned,NGN,null,
673,success,NGN,NG,
674,failed,USD,US,
675,success,NGN,NG,
676,success,NGN,NG,
677,failed,NGN,NG,
678,success,NGN,NG,
679,abandoned,NGN,null,
680,success,NGN,NG,
681,abandoned,NGN,null,
682,failed,NGN,NG,
683,success,NGN,NG,
684,failed,NGN,CA,
685,success,NGN,NG,
686,failed,NGN,NG,
687,abandoned,NGN,null,
688,success,NGN,NG,
689,success,NGN,NG,
690,abandoned,NGN,null,
691,abandoned,USD,null,
692,success,NGN,NG,
693,success,NGN,NG,
694,abandoned,NGN,null,
695,success,NGN,NG,
696,success,USD,UA,
697,abandoned,NGN,null,
698,abandoned,NGN,null,
699,abandoned,NGN,NG,
700,success,USD,GB,
701,success,NGN,NG,
702,success,NGN,NG,
703,abandoned,NGN,null,
704,success,NGN,NG,
705,abandoned,NGN,null,
706,success,NGN,NG,
707,abandoned,NGN,null,
708,abandoned,USD,null,
709,success,NGN,NG,
710,abandoned,NGN,null,
711,success,NGN,NG,
712,abandoned,NGN,null,
713,abandoned,NGN,null,
714,abandoned,NGN,null,
715,success,NGN,NG,
716,abandoned,NGN,null,
717,success,NGN,NG,
718,abandoned,NGN,null,
719,success,NGN,NG,
720,abandoned,NGN,null,
721,reversed,NGN,NG,
722,success,NGN,NG,
723,failed,NGN,NG,
724,abandoned,NGN,null,
725,abandoned,NGN,null,
726,abandoned,NGN,null,
727,failed,NGN,NG,
728,success,NGN,NG,
729,abandoned,USD,null,
730,success,NGN,NG,
731,abandoned,NGN,null,
732,success,NGN,NG,
733,success,NGN,NG,
734,abandoned,NGN,null,
735,abandoned,NGN,null,
736,success,NGN,NG,
737,abandoned,NGN,null,
738,success,NGN,NG,
739,abandoned,NGN,null,
740,failed,NGN,NG,
741,abandoned,NGN,null,
742,abandoned,NGN,null,
743,success,NGN,NG,
744,failed,NGN,GB,
745,abandoned,NGN,null,
746,abandoned,NGN,null,
747,abandoned,NGN,null,
748,success,USD,GB,
749,abandoned,NGN,null,
750,abandoned,NGN,null,
751,abandoned,USD,null,
752,failed,NGN,US,
753,success,NGN,NG,
754,abandoned,NGN,null,
755,success,NGN,NG,
756,success,NGN,NG,
757,abandoned,NGN,null,
758,success,NGN,NG,
759,abandoned,USD,US,
760,failed,NGN,GB,
761,abandoned,NGN,null,
762,failed,NGN,NG,
763,failed,NGN,NG,
764,abandoned,USD,null,
765,abandoned,NGN,null,
766,success,NGN,NG,
767,abandoned,USD,US,
768,success,NGN,NG,
769,abandoned,NGN,null,
770,abandoned,USD,US,
771,success,NGN,NG,
772,abandoned,NGN,null,
773,abandoned,NGN,null,
774,success,NGN,NG,
775,success,NGN,NG,
776,abandoned,NGN,null,
777,success,NGN,NG,
778,success,NGN,NG,
779,success,NGN,NG,
780,abandoned,NGN,null,
781,reversed,NGN,NG,
782,abandoned,NGN,null,
783,success,NGN,NG,
784,abandoned,NGN,null,
785,failed,NGN,NG,
786,abandoned,USD,null,
787,abandoned,USD,null,
788,abandoned,USD,null,
789,success,NGN,NG,
790,abandoned,NGN,null,
791,success,USD,CA,
792,success,NGN,NG,
793,abandoned,USD,null,
794,success,NGN,NG,
795,success,USD,GB,
796,abandoned,NGN,NG,
797,abandoned,NGN,GB,
798,success,NGN,NG,
799,abandoned,NGN,null,
800,success,NGN,NG,
801,abandoned,NGN,null,
802,abandoned,NGN,null,
803,abandoned,NGN,null,
804,abandoned,USD,US,
805,success,NGN,GB,
806,abandoned,NGN,null,
807,abandoned,NGN,null,
808,success,NGN,NG,
809,success,NGN,NG,
810,abandoned,NGN,NG,
811,abandoned,NGN,null,
812,success,NGN,NG,
813,success,NGN,NG,
814,abandoned,USD,null,
815,abandoned,NGN,NG,
816,success,NGN,NG,
817,abandoned,USD,null,
818,abandoned,NGN,null,
819,abandoned,USD,FR,
820,abandoned,NGN,null,
821,success,NGN,NG,
822,failed,NGN,NG,
823,abandoned,NGN,null,
824,abandoned,NGN,null,
825,failed,USD,US,
826,success,NGN,NG,
827,abandoned,NGN,null,
828,success,NGN,NG,
829,abandoned,NGN,null,
830,abandoned,NGN,null,
831,success,USD,US,
832,success,NGN,NG,
833,abandoned,USD,US,
834,abandoned,NGN,null,
835,failed,NGN,NG,
836,failed,NGN,NG,
837,success,NGN,NG,
838,success,NGN,NG,
839,abandoned,USD,null,
840,abandoned,NGN,null,
841,abandoned,NGN,null,
842,abandoned,NGN,null,
843,abandoned,NGN,null,
844,failed,NGN,NG,
845,abandoned,NGN,null,
846,success,NGN,NG,
847,abandoned,NGN,null,
848,success,NGN,NG,
849,failed,NGN,NG,
850,abandoned,NGN,null,
851,success,NGN,NG,
852,abandoned,NGN,null,
853,success,NGN,NG,
854,abandoned,USD,null,
855,abandoned,NGN,null,
856,failed,NGN,NG,
857,failed,NGN,NG,
858,success,NGN,NG,
859,success,NGN,NG,
860,success,NGN,NG,
861,success,NGN,NG,
862,abandoned,NGN,null,
863,abandoned,NGN,NG,
864,success,NGN,US,
865,success,USD,GB,
866,success,NGN,NG,
867,success,NGN,NG,
868,success,USD,GB,
869,abandoned,USD,null,
870,abandoned,NGN,null,
871,abandoned,NGN,null,
872,success,NGN,NG,
873,failed,NGN,NG,
874,abandoned,NGN,null,
875,success,NGN,NG,
876,abandoned,NGN,null,
877,abandoned,NGN,null,
878,abandoned,NGN,null,
879,failed,USD,US,
880,success,NGN,NG,
881,success,NGN,NG,
882,failed,NGN,US,
883,success,NGN,NG,
884,abandoned,USD,US,
885,success,NGN,NG,
886,success,NGN,NG,
887,success,NGN,NG,
888,abandoned,NGN,null,
889,success,NGN,NG,
890,success,USD,GB,
891,success,USD,CM,
892,abandoned,NGN,null,
893,abandoned,NGN,null,
894,abandoned,NGN,null,
895,abandoned,NGN,null,
896,abandoned,NGN,null,
897,abandoned,USD,null,
898,abandoned,NGN,null,
899,success,NGN,NG,
900,success,NGN,NG,
901,success,NGN,NG,
902,success,USD,GB,
903,success,NGN,NG,
904,abandoned,NGN,GB,
905,success,NGN,NG,
906,success,NGN,US,
907,reversed,NGN,NG,
908,success,USD,GB,
909,success,NGN,NG,
910,success,NGN,NG,
911,success,NGN,NG,
912,success,NGN,NG,
913,abandoned,USD,null,
914,success,NGN,NG,
915,success,NGN,NG,
916,success,NGN,NG,
917,abandoned,NGN,null,
918,success,NGN,NG,
919,abandoned,NGN,null,
920,failed,NGN,NG,
921,success,NGN,,
922,abandoned,NGN,null,
923,abandoned,NGN,null,
924,success,NGN,NG,
925,failed,NGN,NG,
926,abandoned,NGN,null,
927,abandoned,NGN,null,
928,abandoned,NGN,null,
929,success,NGN,NG,
930,abandoned,NGN,null,
931,abandoned,NGN,null,
932,abandoned,NGN,null,
933,abandoned,NGN,null,
934,abandoned,NGN,null,
935,success,NGN,,
936,failed,USD,NG,
937,failed,NGN,NG,
938,success,NGN,NG,
939,success,USD,US,
940,failed,USD,US,
941,success,NGN,NG,
942,success,NGN,NG,
943,success,NGN,GB,
944,success,NGN,NG,
945,abandoned,NGN,NG,
946,success,NGN,NG,
947,abandoned,USD,null,
948,success,NGN,NG,
949,abandoned,NGN,null,
950,success,NGN,NG,
951,abandoned,NGN,null,
952,failed,NGN,NG,
953,abandoned,NGN,null,
954,abandoned,NGN,null,
955,failed,NGN,NG,
956,success,USD,US,
957,abandoned,USD,null,
958,abandoned,NGN,null,
959,abandoned,NGN,NG,
960,failed,NGN,NG,
961,success,USD,GB,
962,success,NGN,NG,
963,abandoned,NGN,null,
964,abandoned,USD,null,
965,success,NGN,NG,
966,abandoned,NGN,null,
967,success,NGN,NG,
968,success,NGN,NG,
969,abandoned,USD,US,
970,success,NGN,IN,
971,abandoned,NGN,NG,
972,failed,NGN,US,
973,success,NGN,GB,
974,success,NGN,NG,
975,abandoned,USD,null,
976,abandoned,NGN,null,
977,abandoned,NGN,null,
978,failed,NGN,NG,
979,abandoned,NGN,null,
980,abandoned,NGN,null,
981,abandoned,USD,US,
982,success,NGN,NG,
983,success,NGN,NG,
984,failed,NGN,NG,
985,abandoned,NGN,null,
986,success,NGN,NG,
987,abandoned,NGN,null,
988,success,NGN,NG,
989,success,NGN,NG,
990,abandoned,NGN,null,
991,success,NGN,NG,
992,success,NGN,NG,
993,failed,NGN,NG,
994,success,NGN,NG,
995,success,USD,GB,
996,abandoned,NGN,null,
997,success,NGN,NG,
998,success,NGN,NG,
999,abandoned,NGN,null,
1000,success,USD,,
1001,success,NGN,NG,
1002,failed,NGN,NG,
1003,abandoned,NGN,US,
1004,abandoned,NGN,null,
1005,failed,NGN,NG,
1006,success,NGN,GB,
1007,success,NGN,NG,
1008,abandoned,NGN,null,
1009,success,USD,US,
1010,failed,NGN,NG,
1011,success,NGN,NG,
1012,abandoned,NGN,null,
1013,success,NGN,NG,
1014,abandoned,NGN,null,
1015,failed,NGN,NG,
1016,success,USD,US,
1017,abandoned,NGN,null,
1018,success,NGN,NG,
1019,success,NGN,NG,
1020,failed,USD,NG,
1021,failed,NGN,NG,
1022,success,NGN,NG,
1023,abandoned,NGN,null,
1024,success,USD,KE,
1025,abandoned,NGN,NG,
1026,abandoned,USD,null,
1027,abandoned,NGN,null,
1028,abandoned,NGN,null,
1029,abandoned,USD,null,
1030,success,NGN,NG,
1031,abandoned,USD,null,
1032,success,NGN,NG,
1033,failed,USD,US,
1034,success,NGN,NG,
1035,abandoned,NGN,null,
1036,success,NGN,NG,
1037,abandoned,NGN,null,
1038,abandoned,NGN,null,
1039,abandoned,NGN,null,
1040,success,USD,GB,
1041,reversed,NGN,NG,
1042,abandoned,NGN,null,
1043,failed,NGN,NG,
1044,success,USD,GB,
1045,success,NGN,NG,
1046,abandoned,NGN,null,
1047,failed,USD,GB,
1048,failed,USD,US,
1049,success,NGN,NG,
1050,abandoned,USD,US,
1051,success,NGN,NG,
1052,success,NGN,NG,
1053,success,NGN,NG,
1054,abandoned,NGN,null,
1055,failed,USD,US,
1056,abandoned,NGN,null,
1057,abandoned,NGN,null,
1058,success,NGN,NG,
1059,abandoned,NGN,null,
1060,abandoned,USD,US,
1061,success,NGN,NG,
1062,success,NGN,GB,
1063,failed,NGN,NG,
1064,abandoned,NGN,null,
1065,success,NGN,NG,
1066,abandoned,NGN,null,
1067,success,NGN,NG,
1068,abandoned,NGN,null,
1069,success,NGN,NG,
1070,abandoned,NGN,NG,
1071,abandoned,NGN,null,
1072,abandoned,NGN,null,
1073,success,NGN,NG,
1074,abandoned,USD,null,
1075,success,NGN,NG,
1076,success,NGN,NG,
1077,failed,USD,US,
1078,abandoned,NGN,null,
1079,success,USD,US,
1080,abandoned,NGN,null,
1081,failed,NGN,NG,
1082,abandoned,NGN,null,
1083,success,NGN,NG,
1084,success,NGN,NG,
1085,abandoned,NGN,null,
1086,abandoned,NGN,null,
1087,success,USD,US,
1088,success,NGN,NG,
1089,failed,NGN,NG,
1090,success,NGN,NG,
1091,success,NGN,NG,
1092,abandoned,NGN,null,
1093,success,NGN,NG,
1094,abandoned,NGN,null,
1095,success,NGN,NG,
1096,success,NGN,NG,
1097,abandoned,USD,US,
1098,abandoned,NGN,null,
1099,success,NGN,NG,
1100,reversed,NGN,NG,
1101,failed,USD,CA,
1102,success,NGN,NG,
1103,success,NGN,NG,
1104,abandoned,NGN,null,
1105,success,NGN,NG,
1106,success,NGN,NG,
1107,failed,NGN,CA,
1108,abandoned,NGN,NG,
1109,success,NGN,NG,
1110,abandoned,NGN,null,
1111,abandoned,NGN,null,
1112,abandoned,USD,null,
1113,abandoned,NGN,null,
1114,abandoned,NGN,null,
1115,abandoned,NGN,null,
1116,success,NGN,NG,
1117,abandoned,USD,US,
1118,abandoned,NGN,null,
1119,success,NGN,NG,
1120,success,NGN,NG,
1121,failed,NGN,NG,
1122,abandoned,NGN,null,
1123,success,USD,GB,
1124,failed,USD,US,
1125,success,NGN,NG,
1126,failed,NGN,NG,
1127,success,NGN,NG,
1128,abandoned,NGN,null,
1129,abandoned,USD,NG,
1130,abandoned,NGN,null,
1131,abandoned,NGN,null,
1132,abandoned,NGN,null,
1133,success,NGN,NG,
1134,abandoned,NGN,null,
1135,success,NGN,NG,
1136,abandoned,NGN,null,
1137,success,NGN,NG,
1138,success,NGN,NG,
1139,abandoned,NGN,null,
1140,success,NGN,NG,
1141,abandoned,NGN,null,
1142,success,NGN,NG,
1143,abandoned,NGN,null,
1144,abandoned,NGN,null,
1145,success,NGN,NG,
1146,success,USD,GB,
1147,abandoned,NGN,NG,
1148,abandoned,NGN,null,
1149,abandoned,USD,null,
1150,failed,NGN,NG,
1151,success,NGN,NG,
1152,success,NGN,,
1153,success,NGN,NG,
1154,success,NGN,NG,
1155,failed,NGN,NG,
1156,failed,USD,NG,
1157,success,NGN,NG,
1158,success,NGN,NG,
1159,abandoned,NGN,null,
1160,abandoned,NGN,null,
1161,failed,NGN,NG,
1162,success,USD,GB,
1163,success,NGN,NG,
1164,abandoned,NGN,null,
1165,success,NGN,NG,
1166,success,NGN,NG,
1167,failed,NGN,NG,
1168,success,NGN,NG,
1169,failed,NGN,NG,
1170,success,NGN,NG,
1171,abandoned,NGN,NG,
1172,abandoned,NGN,null,
1173,abandoned,NGN,null,
1174,success,NGN,US,
1175,abandoned,NGN,null,
1176,success,NGN,NG,
1177,abandoned,NGN,null,
1178,failed,NGN,NG,
1179,success,USD,US,
1180,success,NGN,NG,
1181,abandoned,NGN,null,
1182,reversed,NGN,NG,
1183,success,USD,GB,
1184,failed,NGN,NG,
1185,failed,NGN,NG,
1186,success,NGN,NG,
1187,abandoned,NGN,NG,
1188,reversed,USD,GH,
1189,success,NGN,NG,
1190,success,NGN,NG,
1191,success,NGN,NG,
1192,success,NGN,NG,
1193,failed,NGN,US,
1194,success,NGN,NG,
1195,success,USD,GB,
1196,abandoned,NGN,null,
1197,abandoned,USD,null,
1198,abandoned,NGN,null,
1199,abandoned,NGN,null,
1200,abandoned,NGN,null,
1201,success,NGN,NG,
1202,reversed,NGN,NG,
1203,abandoned,NGN,null,
1204,failed,NGN,NG,
1205,abandoned,USD,null,
1206,abandoned,NGN,null,
1207,abandoned,NGN,null,
1208,failed,NGN,NG,
1209,failed,NGN,NG,
1210,success,NGN,NG,
1211,success,NGN,NG,
1212,failed,USD,US,
1213,reversed,NGN,NG,
1214,abandoned,NGN,null,
1215,success,NGN,NG,
1216,success,NGN,NG,
1217,success,NGN,NG,
1218,success,NGN,NG,
1219,abandoned,NGN,null,
1220,success,NGN,NG,
1221,abandoned,NGN,null,
1222,failed,NGN,,
1223,failed,NGN,NG,
1224,abandoned,NGN,null,
1225,success,NGN,NG,
1226,abandoned,NGN,NG,
1227,success,NGN,NG,
1228,abandoned,NGN,null,
1229,success,NGN,NG,
1230,success,NGN,NG,
1231,success,USD,US,
1232,success,USD,US,
1233,success,NGN,NG,
1234,success,NGN,NG,
1235,reversed,NGN,US,
1236,success,NGN,NG,
1237,abandoned,USD,null,
1238,abandoned,NGN,null,
1239,success,NGN,NG,
1240,failed,USD,US,
1241,abandoned,NGN,null,
1242,success,NGN,NG,
1243,success,USD,US,
1244,abandoned,NGN,NG,
1245,success,NGN,NG,
1246,abandoned,NGN,null,
1247,success,NGN,NG,
1248,success,NGN,NG,
1249,success,USD,US,
1250,abandoned,NGN,null,
1251,abandoned,USD,null,
1252,success,NGN,NG,
1253,success,NGN,NG,
1254,abandoned,NGN,NG,
1255,failed,NGN,NG,
1256,success,NGN,NG,
1257,abandoned,NGN,null,
1258,success,NGN,NG,
1259,abandoned,NGN,null,
1260,abandoned,NGN,null,
1261,failed,NGN,NG,
1262,abandoned,NGN,null,
1263,abandoned,NGN,null,
1264,abandoned,NGN,null,
1265,abandoned,NGN,null,
1266,failed,NGN,NG,
1267,abandoned,NGN,null,
1268,success,NGN,NG,
1269,failed,USD,US,
1270,success,NGN,NG,
1271,abandoned,NGN,US,
1272,abandoned,NGN,null,
1273,failed,NGN,NG,
1274,success,NGN,NG,
1275,failed,NGN,NG,
1276,success,USD,KE,
1277,abandoned,USD,NG,
1278,failed,NGN,NG,
1279,abandoned,NGN,null,
1280,abandoned,NGN,null,
1281,success,NGN,NG,
1282,success,NGN,NG,
1283,failed,NGN,NG,
1284,abandoned,NGN,NG,
1285,success,NGN,NG,
1286,success,USD,US,
1287,success,NGN,NG,
1288,abandoned,NGN,null,
1289,success,USD,US,
1290,success,NGN,NG,
1291,abandoned,NGN,null,
1292,success,USD,,
1293,success,NGN,NG,
1294,failed,NGN,NG,
1295,abandoned,NGN,null,
1296,abandoned,NGN,null,
1297,failed,NGN,NG,
1298,abandoned,NGN,null,
1299,success,NGN,NG,
1300,abandoned,NGN,null,
1301,success,NGN,NG,
1302,abandoned,NGN,null,
1303,abandoned,NGN,null,
1304,success,NGN,NG,
1305,reversed,NGN,NG,
1306,abandoned,NGN,null,
1307,abandoned,NGN,null,
1308,abandoned,NGN,null,
1309,abandoned,NGN,null,
1310,abandoned,NGN,null,
1311,abandoned,NGN,null,
1312,failed,NGN,NG,
1313,abandoned,NGN,null,
1314,abandoned,NGN,null,
1315,abandoned,USD,US,
1316,failed,NGN,NG,
1317,success,USD,NG,
1318,success,NGN,NG,
1319,abandoned,NGN,null,
1320,success,NGN,NG,
1321,success,NGN,NG,
1322,abandoned,NGN,null,
1323,abandoned,NGN,null,
1324,abandoned,NGN,null,
1325,success,NGN,NG,
1326,abandoned,NGN,NG,
1327,abandoned,NGN,null,
1328,success,NGN,NG,
1329,success,NGN,NG,
1330,success,NGN,NG,
1331,abandoned,NGN,null,
1332,abandoned,NGN,null,
1333,reversed,NGN,NG,
1334,success,NGN,NG,
1335,abandoned,NGN,null,
1336,success,NGN,NG,
1337,success,NGN,NG,
1338,abandoned,NGN,null,
1339,abandoned,USD,US,
1340,abandoned,NGN,null,
1341,success,NGN,NG,
1342,failed,NGN,NG,
1343,abandoned,USD,null,
1344,failed,NGN,NG,
1345,success,NGN,NG,
1346,abandoned,NGN,null,
1347,abandoned,USD,null,
1348,abandoned,NGN,null,
1349,success,NGN,NG,
1350,abandoned,NGN,null,
1351,success,NGN,NG,
1352,abandoned,NGN,null,
1353,abandoned,NGN,null,
1354,abandoned,NGN,null,
1355,success,NGN,NG,
1356,abandoned,NGN,null,
1357,success,NGN,NG,
1358,abandoned,NGN,null,
1359,abandoned,USD,null,
1360,abandoned,NGN,null,
1361,failed,NGN,NG,
1362,success,NGN,NG,
1363,success,NGN,NG,
1364,failed,NGN,NG,
1365,success,NGN,NG,
1366,failed,NGN,null,
1367,abandoned,NGN,null,
1368,failed,NGN,NG,
1369,success,NGN,NG,
1370,success,USD,US,
1371,success,NGN,NG,
1372,abandoned,NGN,null,
1373,failed,USD,US,
1374,failed,NGN,NG,
1375,success,NGN,NG,
1376,success,NGN,NG,
1377,success,NGN,UG,
1378,failed,NGN,NG,
1379,success,NGN,NG,
1380,success,USD,,
1381,abandoned,NGN,null,
1382,success,NGN,NG,
1383,abandoned,NGN,NG,
1384,success,NGN,NG,
1385,abandoned,NGN,null,
1386,success,NGN,NG,
1387,abandoned,NGN,null,
1388,success,NGN,NG,
1389,failed,USD,US,
1390,abandoned,NGN,null,
1391,success,USD,US,
1392,abandoned,NGN,null,
1393,success,NGN,NG,
1394,success,NGN,NG,
1395,abandoned,NGN,null,
1396,abandoned,NGN,NG,
1397,failed,USD,US,
1398,failed,NGN,NG,
1399,success,USD,US,
1400,reversed,NGN,NG,
1401,abandoned,NGN,null,
1402,abandoned,NGN,NG,
1403,success,USD,KE,
1404,abandoned,NGN,null,
1405,abandoned,USD,null,
1406,failed,NGN,NG,
1407,success,NGN,NG,
1408,success,NGN,NG,
1409,failed,NGN,NG,
1410,abandoned,NGN,null,
1411,abandoned,NGN,null,
1412,abandoned,NGN,null,
1413,success,NGN,NG,
1414,failed,NGN,NG,
1415,success,NGN,NG,
1416,abandoned,NGN,NG,
1417,abandoned,NGN,null,
1418,abandoned,USD,US,
1419,failed,USD,US,
1420,abandoned,USD,null,
1421,abandoned,NGN,NG,
1422,failed,NGN,NG,
1423,success,NGN,NG,
1424,abandoned,USD,null,
1425,reversed,NGN,NG,
1426,abandoned,NGN,null,
1427,success,NGN,GB,
1428,abandoned,NGN,null,
1429,abandoned,NGN,null,
1430,failed,NGN,NG,
1431,abandoned,NGN,GB,
1432,reversed,NGN,NG,
1433,success,NGN,NG,
1434,success,NGN,NG,
1435,abandoned,NGN,null,
1436,abandoned,NGN,null,
1437,abandoned,NGN,null,
1438,abandoned,NGN,null,
1439,success,NGN,NG,
1440,success,NGN,NG,
1441,failed,USD,US,
1442,abandoned,NGN,null,
1443,success,USD,NG,
1444,abandoned,NGN,null,
1445,success,NGN,NG,
1446,abandoned,NGN,null,
1447,success,NGN,NG,
1448,success,USD,GB,
1449,success,NGN,NG,
1450,failed,USD,GB,
1451,success,NGN,NG,
1452,success,NGN,NG,
1453,abandoned,NGN,null,
1454,abandoned,NGN,null,
1455,failed,NGN,NG,
1456,success,USD,GB,
1457,success,NGN,NG,
1458,abandoned,NGN,null,
1459,success,USD,GB,
1460,success,NGN,NG,
1461,abandoned,NGN,null,
1462,success,NGN,NG,
1463,success,NGN,NG,
1464,abandoned,USD,null,
1465,failed,NGN,US,
1466,abandoned,NGN,null,
1467,success,NGN,NG,
1468,failed,NGN,NG,
1469,abandoned,NGN,null,
1470,failed,NGN,US,
1471,success,NGN,NG,
1472,abandoned,USD,GB,
1473,abandoned,NGN,null,
1474,success,NGN,NG,
1475,success,NGN,NG,
1476,abandoned,NGN,null,
1477,success,NGN,NG,
1478,reversed,NGN,NG,
1479,abandoned,NGN,null,
1480,success,NGN,NG,
1481,success,NGN,NG,
1482,abandoned,USD,null,
1483,success,NGN,NG,
1484,failed,NGN,NG,
1485,success,NGN,NG,
1486,success,NGN,NG,
1487,failed,USD,US,
1488,abandoned,NGN,null,
1489,success,NGN,NG,
1490,success,NGN,NG,
1491,abandoned,NGN,null,
1492,failed,USD,US,
1493,success,NGN,NG,
1494,success,NGN,NG,
1495,abandoned,NGN,null,
1496,success,NGN,NG,
1497,abandoned,NGN,null,
1498,success,NGN,NG,
1499,success,NGN,NG,
1500,abandoned,NGN,null,
1501,success,NGN,NG,
1502,abandoned,NGN,null,
1503,success,NGN,NG,
1504,abandoned,NGN,null,
1505,abandoned,NGN,null,
1506,success,NGN,NG,
1507,success,NGN,NG,
1508,abandoned,NGN,NG,
1509,abandoned,NGN,NG,
1510,success,NGN,NG,
1511,abandoned,NGN,null,
1512,abandoned,NGN,NG,
1513,success,NGN,NG,
1514,success,NGN,NG,
1515,success,NGN,NG,
1516,success,NGN,NG,
1517,success,NGN,NG,
1518,success,USD,KE,
1519,success,NGN,NG,
1520,failed,USD,NG,
1521,success,NGN,NG,
1522,success,NGN,NG,
1523,success,NGN,NG,
1524,failed,USD,US,
1525,success,NGN,NG,
1526,abandoned,NGN,NG,
1527,abandoned,NGN,null,
1528,abandoned,NGN,null,
1529,failed,USD,US,
1530,abandoned,USD,null,
1531,success,USD,GB,
1532,success,NGN,NG,
1533,abandoned,NGN,null,
1534,abandoned,USD,US,
1535,abandoned,NGN,null,
1536,abandoned,USD,null,
1537,abandoned,NGN,null,
1538,abandoned,NGN,null,
1539,success,NGN,NG,
1540,abandoned,NGN,null,
1541,success,NGN,NG,
1542,success,NGN,NG,
1543,abandoned,NGN,null,
1544,abandoned,NGN,null,
1545,failed,NGN,NG,
1546,abandoned,NGN,null,
1547,success,NGN,NG,
1548,success,NGN,NG,
1549,abandoned,NGN,null,
1550,abandoned,NGN,NG,
1551,success,NGN,NG,
1552,failed,NGN,NG,
1553,reversed,NGN,NG,
1554,abandoned,NGN,null,
1555,success,NGN,NG,
1556,abandoned,NGN,null,
1557,success,NGN,NG,
1558,success,NGN,NG,
1559,success,NGN,NG,
1560,failed,NGN,NG,
1561,abandoned,NGN,null,
1562,abandoned,NGN,null,
1563,success,NGN,NG,
1564,abandoned,NGN,null,
1565,failed,USD,GB,
1566,success,NGN,NG,
1567,abandoned,NGN,null,
1568,failed,NGN,NG,
1569,abandoned,NGN,null,
1570,abandoned,NGN,null,
1571,abandoned,USD,null,
1572,abandoned,USD,US,
1573,success,NGN,NG,
1574,success,NGN,NG,
1575,failed,NGN,NG,
1576,success,NGN,NG,
1577,abandoned,NGN,null,
1578,abandoned,NGN,null,
1579,success,NGN,NG,
1580,success,NGN,GB,
1581,abandoned,NGN,null,
1582,failed,USD,CA,
1583,success,NGN,NG,
1584,abandoned,NGN,null,
1585,success,NGN,NG,
1586,failed,NGN,NG,
1587,success,NGN,NG,
1588,success,NGN,NG,
1589,abandoned,NGN,null,
1590,reversed,NGN,NG,
1591,failed,NGN,GB,
1592,abandoned,USD,null,
1593,abandoned,NGN,null,
1594,abandoned,NGN,null,
1595,success,NGN,NG,
1596,success,NGN,NG,
1597,success,NGN,NG,
1598,abandoned,NGN,NG,
1599,abandoned,NGN,null,
1600,abandoned,NGN,null,
1601,abandoned,USD,null,
1602,abandoned,NGN,null,
1603,failed,NGN,NG,
1604,success,NGN,NG,
1605,success,NGN,NG,
1606,success,NGN,NG,
1607,success,NGN,NG,
1608,abandoned,NGN,null,
1609,abandoned,NGN,null,
1610,abandoned,NGN,null,
1611,abandoned,NGN,null,
1612,success,NGN,NG,
1613,success,NGN,NG,
1614,success,NGN,NG,
1615,success,NGN,NG,
1616,abandoned,USD,US,
1617,abandoned,NGN,null,
1618,abandoned,NGN,null,
1619,abandoned,USD,US,
1620,abandoned,NGN,NG,
1621,success,NGN,NG,
1622,failed,NGN,NG,
1623,abandoned,NGN,null,
1624,success,NGN,NG,
1625,failed,NGN,NG,
1626,failed,USD,GB,
1627,abandoned,NGN,null,
1628,abandoned,NGN,null,
1629,abandoned,NGN,null,
1630,failed,NGN,NG,
1631,success,NGN,GB,
1632,success,NGN,NG,
1633,failed,NGN,US,
1634,abandoned,NGN,null,
1635,abandoned,NGN,null,
1636,abandoned,NGN,null,
1637,abandoned,USD,null,
1638,success,NGN,NG,
1639,abandoned,USD,NG,
1640,success,NGN,NG,
1641,success,NGN,GB,
1642,abandoned,NGN,null,
1643,success,NGN,NG,
1644,abandoned,NGN,null,
1645,success,NGN,NG,
1646,success,NGN,NG,
1647,abandoned,NGN,null,
1648,abandoned,NGN,null,
1649,abandoned,NGN,null,
1650,success,NGN,NG,
1651,abandoned,USD,null,
1652,failed,NGN,GB,
1653,abandoned,NGN,null,
1654,abandoned,USD,null,
1655,success,USD,US,
1656,success,NGN,NG,
1657,success,USD,GB,
1658,abandoned,NGN,null,
1659,abandoned,NGN,null,
1660,failed,NGN,NG,
1661,abandoned,NGN,NG,
1662,abandoned,NGN,null,
1663,failed,NGN,NG,
1664,abandoned,USD,null,
1665,success,NGN,IE,
1666,abandoned,NGN,null,
1667,abandoned,NGN,null,
1668,abandoned,NGN,null,
1669,abandoned,NGN,null,
1670,failed,USD,US,
1671,abandoned,NGN,null,
1672,abandoned,NGN,null,
1673,success,NGN,NG,
1674,abandoned,NGN,null,
1675,abandoned,NGN,null,
1676,abandoned,NGN,NG,
1677,abandoned,NGN,null,
1678,abandoned,USD,null,
1679,failed,NGN,NG,
1680,success,NGN,NG,
1681,success,NGN,NG,
1682,abandoned,NGN,null,
1683,success,NGN,NG,
1684,failed,USD,US,
1685,success,NGN,NG,
1686,failed,NGN,NG,
1687,success,USD,NG,
1688,failed,NGN,NG,
1689,success,NGN,NG,
1690,abandoned,NGN,null,
1691,abandoned,USD,US,
1692,success,NGN,US,
1693,success,NGN,NG,
1694,failed,NGN,NG,
1695,abandoned,NGN,null,
1696,failed,NGN,US,
1697,abandoned,NGN,null,
1698,success,NGN,NG,
1699,abandoned,NGN,null,
1700,abandoned,NGN,null,
1701,success,NGN,NG,
1702,success,NGN,NG,
1703,success,NGN,NG,
1704,success,NGN,NG,
1705,success,NGN,NG,
1706,success,NGN,NG,
1707,success,USD,AE,
1708,abandoned,USD,null,
1709,success,NGN,NG,
1710,success,NGN,NG,
1711,success,NGN,NG,
1712,abandoned,NGN,null,
1713,abandoned,NGN,NG,
1714,success,NGN,NG,
1715,failed,NGN,NG,
1716,success,USD,GB,
1717,success,NGN,NG,
1718,failed,USD,NG,
1719,abandoned,NGN,null,
1720,failed,NGN,NG,
1721,success,NGN,NG,
1722,failed,NGN,NG,
1723,success,NGN,NG,
1724,success,NGN,NG,
1725,abandoned,NGN,null,
1726,success,NGN,NG,
1727,abandoned,NGN,null,
1728,failed,USD,NG,
1729,success,USD,GB,
1730,abandoned,NGN,null,
1731,abandoned,NGN,null,
1732,success,USD,PL,
1733,abandoned,NGN,null,
1734,abandoned,NGN,null,
1735,failed,NGN,NG,
1736,abandoned,USD,null,
1737,success,NGN,NG,
1738,success,NGN,NG,
1739,failed,NGN,US,
1740,abandoned,NGN,null,
1741,abandoned,NGN,null,
1742,abandoned,NGN,null,
1743,abandoned,USD,null,
1744,abandoned,NGN,null,
1745,success,NGN,NG,
1746,abandoned,NGN,null,
1747,success,NGN,NG,
1748,success,NGN,NG,
1749,abandoned,NGN,null,
1750,success,NGN,NG,
1751,success,NGN,NG,
1752,success,NGN,NG,
1753,reversed,NGN,NG,
1754,abandoned,NGN,null,
1755,success,NGN,NG,
1756,abandoned,NGN,null,
1757,success,NGN,NG,
1758,abandoned,NGN,null,
1759,abandoned,NGN,null,
1760,success,NGN,NG,
1761,abandoned,NGN,NG,
1762,success,USD,US,
1763,success,USD,US,
1764,failed,NGN,NG,
1765,abandoned,NGN,null,
1766,abandoned,NGN,null,
1767,abandoned,USD,null,
1768,abandoned,NGN,null,
1769,success,NGN,NG,
1770,abandoned,NGN,null,
1771,success,USD,US,
1772,failed,USD,GB,
1773,failed,NGN,NG,
1774,abandoned,NGN,null,
1775,abandoned,NGN,null,
1776,success,NGN,NG,
1777,success,NGN,NG,
1778,success,NGN,NG,
1779,abandoned,NGN,null,
1780,success,NGN,NG,
1781,abandoned,NGN,NG,
1782,abandoned,NGN,null,
1783,failed,USD,BD,
1784,success,NGN,NG,
1785,abandoned,NGN,NG,
1786,abandoned,NGN,null,
1787,success,NGN,NG,
1788,success,NGN,NG,
1789,success,NGN,NG,
1790,success,NGN,NG,
1791,abandoned,NGN,NG,
1792,success,NGN,NG,
1793,success,NGN,NG,
1794,success,NGN,NG,
1795,failed,NGN,NG,
1796,abandoned,NGN,null,
1797,abandoned,NGN,null,
1798,success,NGN,NG,
1799,abandoned,NGN,null,
1800,abandoned,NGN,null,
1801,success,NGN,NG,
1802,success,NGN,GB,
1803,success,NGN,NG,
1804,abandoned,NGN,NG,
1805,success,USD,GB,
1806,abandoned,NGN,null,
1807,failed,NGN,NG,
1808,failed,USD,US,
1809,abandoned,NGN,null,
1810,success,NGN,NG,
1811,abandoned,NGN,null,
1812,success,NGN,NG,
1813,abandoned,NGN,null,
1814,abandoned,NGN,null,
1815,abandoned,NGN,null,
1816,success,NGN,NG,
1817,success,NGN,NG,
1818,abandoned,NGN,null,
1819,abandoned,USD,null,
1820,abandoned,NGN,null,
1821,failed,NGN,GB,
1822,failed,USD,US,
1823,abandoned,NGN,null,
1824,failed,NGN,GB,
1825,abandoned,USD,US,
1826,abandoned,USD,null,
1827,abandoned,NGN,null,
1828,success,NGN,NG,
1829,abandoned,NGN,GB,
1830,failed,NGN,NG,
1831,success,NGN,NG,
1832,failed,NGN,NG,
1833,abandoned,NGN,null,
1834,abandoned,NGN,null,
1835,success,NGN,NG,
1836,abandoned,NGN,null,
1837,abandoned,USD,null,
1838,abandoned,NGN,null,
1839,success,NGN,NG,
1840,abandoned,NGN,null,
1841,success,NGN,NG,
1842,success,NGN,NG,
1843,reversed,NGN,UG,
1844,abandoned,USD,US,
1845,success,USD,GB,
1846,abandoned,USD,null,
1847,abandoned,NGN,NG,
1848,success,NGN,NG,
1849,success,NGN,NG,
1850,abandoned,NGN,null,
1851,abandoned,NGN,null,
1852,success,NGN,NG,
1853,success,NGN,NG,
1854,success,NGN,NG,
1855,success,NGN,NG,
1856,abandoned,NGN,null,
1857,success,NGN,NG,
1858,abandoned,USD,null,
1859,success,NGN,NG,
1860,abandoned,NGN,null,
1861,success,NGN,NG,
1862,success,NGN,NG,
1863,success,NGN,NG,
1864,success,NGN,NG,
1865,success,NGN,NG,
1866,failed,NGN,null,
1867,abandoned,NGN,null,
1868,success,NGN,NG,
1869,abandoned,NGN,null,
1870,failed,NGN,NG,
1871,failed,NGN,NG,
1872,success,NGN,NG,
1873,success,NGN,NG,
1874,success,NGN,NG,
1875,success,USD,US,
1876,success,NGN,NG,
1877,abandoned,USD,null,
1878,failed,NGN,NG,
1879,failed,NGN,NG,
1880,abandoned,NGN,null,
1881,failed,NGN,NG,
1882,success,NGN,NG,
1883,success,NGN,NG,
1884,success,NGN,NG,
1885,abandoned,USD,null,
1886,abandoned,NGN,null,
1887,failed,NGN,NG,
1888,abandoned,NGN,null,
1889,success,NGN,NG,
1890,abandoned,NGN,null,
1891,abandoned,NGN,null,
1892,success,NGN,NG,
1893,failed,NGN,NG,
1894,abandoned,NGN,null,
1895,abandoned,USD,null,
1896,abandoned,USD,JP,
1897,success,NGN,NG,
1898,success,NGN,NG,
1899,success,NGN,NG,
1900,abandoned,NGN,null,
1901,success,NGN,NG,
1902,success,NGN,NG,
1903,success,NGN,NG,
1904,success,USD,US,
1905,failed,NGN,NG,
1906,failed,NGN,US,
1907,abandoned,NGN,null,
1908,failed,USD,US,
1909,success,NGN,NG,
1910,abandoned,NGN,null,
1911,abandoned,NGN,NG,
1912,success,NGN,NO,
1913,reversed,NGN,NG,
1914,abandoned,NGN,null,
1915,abandoned,NGN,null,
1916,success,NGN,NG,
1917,abandoned,NGN,null,
1918,abandoned,NGN,null,
1919,success,NGN,NG,
1920,success,NGN,US,
1921,abandoned,NGN,null,
1922,success,USD,GB,
1923,failed,NGN,NG,
1924,abandoned,NGN,null,
1925,abandoned,NGN,null,
1926,abandoned,NGN,null,
1927,abandoned,USD,null,
1928,success,NGN,GH,
1929,failed,NGN,NG,
1930,failed,NGN,NG,
1931,success,NGN,NG,
1932,abandoned,NGN,null,
1933,abandoned,NGN,null,
1934,abandoned,NGN,NG,
1935,success,NGN,NG,
1936,abandoned,NGN,null,
1937,success,NGN,NG,
1938,success,NGN,NG,
1939,success,NGN,NG,
1940,success,NGN,NG,
1941,abandoned,NGN,null,
1942,abandoned,NGN,null,
1943,success,NGN,NG,
1944,abandoned,USD,null,
1945,abandoned,NGN,null,
1946,success,NGN,NG,
1947,abandoned,NGN,null,
1948,failed,NGN,NG,
1949,success,NGN,NG,
1950,success,NGN,NG,
1951,success,NGN,NG,
1952,abandoned,NGN,null,
1953,success,NGN,NG,
1954,abandoned,NGN,null,
1955,success,NGN,NG,
1956,success,NGN,NG,
1957,success,NGN,NG,
1958,abandoned,NGN,null,
1959,abandoned,NGN,null,
1960,success,NGN,NG,
1961,success,NGN,NG,
1962,success,NGN,NG,
1963,abandoned,NGN,null,
1964,success,NGN,NG,
1965,abandoned,NGN,null,
1966,abandoned,NGN,null,
1967,failed,NGN,CA,
1968,success,NGN,NG,
1969,success,NGN,NG,
1970,success,NGN,NG,
1971,abandoned,USD,null,
1972,failed,NGN,NG,
1973,failed,USD,US,
1974,success,NGN,NG,
1975,abandoned,NGN,null,
1976,failed,NGN,NG,
1977,success,NGN,NG,
1978,abandoned,NGN,NG,
1979,failed,NGN,NG,
1980,abandoned,NGN,null,
1981,failed,USD,US,
1982,abandoned,NGN,null,
1983,success,USD,US,
1984,abandoned,NGN,null,
1985,success,NGN,NG,
1986,failed,NGN,NG,
1987,failed,NGN,NG,
1988,abandoned,NGN,null,
1989,abandoned,NGN,NG,
1990,abandoned,NGN,null,
1991,abandoned,NGN,null,
1992,success,NGN,NG,
1993,failed,NGN,NG,
1994,success,NGN,NG,
1995,success,NGN,NG,
1996,failed,USD,US,
1997,success,NGN,NG,
1998,success,NGN,NG,
1999,abandoned,NGN,null,
2000,success,NGN,NG,
2001,success,NGN,NG,
2002,success,NGN,NG,
2003,success,NGN,NG,
2004,success,NGN,NG,
2005,failed,NGN,NG,
2006,success,NGN,US,
2007,abandoned,NGN,null,
2008,failed,NGN,NG,
2009,abandoned,NGN,null,
2010,abandoned,NGN,NG,
2011,success,NGN,NG,
2012,abandoned,NGN,null,
2013,success,NGN,NG,
2014,abandoned,NGN,null,
2015,success,NGN,NG,
2016,success,NGN,NG,
2017,success,NGN,NG,
2018,success,NGN,NG,
2019,abandoned,USD,null,
2020,failed,NGN,NG,
2021,abandoned,NGN,null,
2022,failed,NGN,NG,
2023,abandoned,NGN,null,
2024,success,NGN,NG,
2025,success,NGN,NG,
2026,success,NGN,NG,
2027,success,NGN,NG,
2028,success,NGN,NG,
2029,abandoned,USD,null,
2030,abandoned,NGN,null,
2031,success,NGN,NG,
2032,abandoned,NGN,null,
2033,success,NGN,NG,
2034,success,NGN,NG,
2035,success,NGN,NG,
2036,success,NGN,NG,
2037,success,USD,NG,
2038,abandoned,NGN,null,
2039,success,NGN,NG,
2040,abandoned,NGN,null,
2041,abandoned,USD,null,
2042,abandoned,NGN,null,
2043,success,NGN,NG,
2044,failed,NGN,NG,
2045,success,NGN,NG,
2046,abandoned,NGN,null,
2047,abandoned,NGN,null,
2048,abandoned,NGN,null,
2049,abandoned,NGN,null,
2050,abandoned,NGN,null,
2051,abandoned,NGN,null,
2052,abandoned,USD,null,
2053,failed,USD,US,
2054,failed,NGN,US,
2055,abandoned,NGN,null,
2056,abandoned,NGN,null,
2057,abandoned,NGN,null,
2058,abandoned,NGN,null,
2059,abandoned,USD,null,
2060,success,NGN,NG,
2061,abandoned,NGN,NG,
2062,success,NGN,,
2063,success,NGN,NG,
2064,failed,NGN,NG,
2065,failed,NGN,NG,
2066,success,NGN,NG,
2067,failed,NGN,NG,
2068,abandoned,NGN,null,
2069,success,NGN,NG,
2070,abandoned,NGN,null,
2071,abandoned,NGN,null,
2072,abandoned,NGN,null,
2073,success,NGN,NG,
2074,success,NGN,NG,
2075,failed,NGN,NG,
2076,abandoned,NGN,null,
2077,abandoned,NGN,null,
2078,abandoned,NGN,null,
2079,success,NGN,NG,
2080,abandoned,NGN,null,
2081,success,NGN,NG,
2082,abandoned,NGN,null,
2083,abandoned,NGN,null,
2084,abandoned,NGN,null,
2085,success,NGN,NG,
2086,abandoned,NGN,null,
2087,success,NGN,NG,
2088,success,NGN,NG,
2089,abandoned,USD,null,
2090,success,NGN,NG,
2091,success,NGN,NG,
2092,abandoned,NGN,null,
2093,success,NGN,NG,
2094,success,NGN,NG,
2095,failed,NGN,NG,
2096,success,NGN,NG,
2097,failed,NGN,NG,
2098,failed,NGN,NG,
2099,abandoned,NGN,null,
2100,success,NGN,NG,
2101,failed,USD,NG,
2102,abandoned,NGN,null,
2103,success,USD,US,
2104,success,NGN,NG,
2105,success,NGN,NG,
2106,abandoned,NGN,null,
2107,failed,NGN,NG,
2108,abandoned,NGN,null,
2109,abandoned,USD,null,
2110,abandoned,NGN,null,
2111,abandoned,USD,null,
2112,abandoned,NGN,null,
2113,failed,NGN,NG,
2114,abandoned,NGN,null,
2115,success,USD,GB,
2116,success,NGN,NG,
2117,failed,NGN,NG,
2118,success,NGN,NG,
2119,abandoned,NGN,null,
2120,success,NGN,NG,
2121,success,NGN,NG,
2122,abandoned,USD,null,
2123,failed,USD,US,
2124,success,NGN,NG,
2125,abandoned,USD,US,
2126,abandoned,USD,null,
2127,success,NGN,UG,
2128,abandoned,NGN,null,
2129,abandoned,NGN,null,
2130,abandoned,NGN,NG,
2131,abandoned,NGN,NG,
2132,success,NGN,NG,
2133,success,NGN,NG,
2134,failed,NGN,GB,
2135,abandoned,NGN,null,
2136,abandoned,USD,null,
2137,abandoned,NGN,NG,
2138,success,NGN,NG,
2139,success,NGN,NG,
2140,abandoned,NGN,null,
2141,success,NGN,NG,
2142,success,NGN,NG,
2143,failed,USD,US,
2144,abandoned,NGN,null,
2145,abandoned,USD,null,
2146,abandoned,NGN,null,
2147,success,NGN,NG,
2148,success,NGN,NG,
2149,success,NGN,NG,
2150,abandoned,NGN,null,
2151,abandoned,NGN,NG,
2152,abandoned,NGN,null,
2153,failed,USD,US,
2154,success,USD,KE,
2155,abandoned,NGN,null,
2156,success,NGN,NG,
2157,abandoned,NGN,null,
2158,failed,NGN,US,
2159,abandoned,USD,null,
2160,success,NGN,NG,
2161,success,NGN,NG,
2162,abandoned,NGN,null,
2163,abandoned,NGN,null,
2164,failed,NGN,GB,
2165,success,NGN,NG,
2166,success,NGN,NG,
2167,success,NGN,NG,
2168,abandoned,NGN,null,
2169,success,NGN,GB,
2170,success,NGN,NG,
2171,abandoned,NGN,null,
2172,abandoned,NGN,null,
2173,abandoned,NGN,null,
2174,success,NGN,NG,
2175,success,NGN,NG,
2176,success,NGN,NG,
2177,success,NGN,NG,
2178,failed,NGN,NG,
2179,success,NGN,NG,
2180,success,NGN,NG,
2181,success,NGN,NG,
2182,failed,NGN,NG,
2183,abandoned,NGN,null,
2184,abandoned,NGN,null,
2185,success,NGN,NG,
2186,success,NGN,CA,
2187,abandoned,NGN,null,
2188,success,NGN,NG,
2189,abandoned,USD,null,
2190,success,NGN,NG,
2191,failed,USD,US,
2192,abandoned,NGN,null,
2193,failed,NGN,NG,
2194,abandoned,NGN,null,
2195,success,NGN,NG,
2196,abandoned,NGN,null,
2197,abandoned,NGN,null,
2198,abandoned,NGN,null,
2199,success,NGN,NG,
2200,success,NGN,NG,
2201,abandoned,NGN,null,
2202,success,NGN,NG,
2203,failed,NGN,NG,
2204,abandoned,USD,null,
2205,abandoned,NGN,null,
2206,success,NGN,NG,
2207,success,NGN,NG,
2208,abandoned,NGN,null,
2209,success,NGN,NG,
2210,abandoned,NGN,null,
2211,success,NGN,NG,
2212,success,NGN,NG,
2213,abandoned,NGN,null,
2214,success,NGN,NG,
2215,abandoned,NGN,null,
2216,success,NGN,NG,
2217,abandoned,NGN,null,
2218,success,NGN,NG,
2219,success,NGN,NG,
2220,abandoned,NGN,null,
2221,success,NGN,NG,
2222,abandoned,NGN,null,
2223,abandoned,NGN,null,
2224,reversed,NGN,NG,
2225,success,NGN,NG,
2226,abandoned,NGN,null,
2227,success,NGN,NG,
2228,success,NGN,NG,
2229,abandoned,NGN,null,
2230,abandoned,NGN,null,
2231,success,USD,US,
2232,success,USD,US,
2233,abandoned,NGN,null,
2234,abandoned,USD,US,
2235,failed,NGN,NG,
2236,abandoned,NGN,null,
2237,success,NGN,NG,
2238,success,NGN,NG,
2239,abandoned,NGN,null,
2240,abandoned,NGN,null,
2241,abandoned,NGN,null,
2242,success,NGN,GH,
2243,abandoned,NGN,null,
2244,abandoned,NGN,null,
2245,success,NGN,NG,
2246,success,NGN,NG,
2247,failed,NGN,NG,
2248,success,NGN,NG,
2249,success,NGN,NG,
2250,abandoned,NGN,null,
2251,success,NGN,NG,
2252,abandoned,USD,US,
2253,failed,USD,CA,
2254,abandoned,USD,US,
2255,success,NGN,NG,
2256,success,NGN,NG,
2257,success,NGN,NG,
2258,success,NGN,NG,
2259,success,NGN,NG,
2260,success,NGN,NG,
2261,success,NGN,NG,
2262,success,USD,,
2263,reversed,NGN,NG,
2264,abandoned,NGN,null,
2265,success,NGN,NG,
2266,success,NGN,NG,
2267,success,NGN,NG,
2268,success,USD,US,
2269,success,NGN,NG,
2270,abandoned,NGN,null,
2271,abandoned,NGN,null,
2272,success,NGN,NG,
2273,abandoned,NGN,null,
2274,abandoned,NGN,null,
2275,success,NGN,NG,
2276,abandoned,NGN,null,
2277,success,NGN,NG,
2278,abandoned,NGN,null,
2279,success,NGN,NG,
2280,abandoned,NGN,null,
2281,abandoned,NGN,null,
2282,abandoned,NGN,null,
2283,success,NGN,NG,
2284,success,NGN,NG,
2285,reversed,NGN,NG,
2286,success,NGN,NG,
2287,abandoned,NGN,null,
2288,failed,NGN,NG,
2289,abandoned,NGN,null,
2290,abandoned,NGN,null,
2291,failed,NGN,GB,
2292,failed,USD,,
2293,abandoned,NGN,null,
2294,abandoned,NGN,null,
2295,abandoned,NGN,null,
2296,success,NGN,NG,
2297,abandoned,NGN,null,
2298,failed,NGN,NG,
2299,success,NGN,NG,
2300,success,USD,US,
2301,success,NGN,NG,
2302,abandoned,NGN,null,
2303,abandoned,USD,NA,
2304,failed,NGN,NG,
2305,success,NGN,NG,
2306,failed,NGN,NG,
2307,abandoned,NGN,null,
2308,success,NGN,NG,
2309,success,NGN,NG,
2310,failed,NGN,NG,
2311,abandoned,NGN,null,
2312,abandoned,USD,null,
2313,failed,NGN,US,
2314,failed,NGN,NG,
2315,success,NGN,NG,
2316,failed,NGN,NG,
2317,success,NGN,NG,
2318,success,NGN,NG,
2319,failed,NGN,NG,
2320,failed,NGN,NG,
2321,abandoned,NGN,null,
2322,abandoned,NGN,null,
2323,success,NGN,NG,
2324,success,USD,GB,
2325,abandoned,USD,null,
2326,success,NGN,NG,
2327,abandoned,NGN,NG,
2328,success,NGN,NG,
2329,success,NGN,NG,
2330,failed,NGN,null,
2331,abandoned,NGN,null,
2332,failed,NGN,NG,
2333,abandoned,NGN,null,
2334,abandoned,NGN,null,
2335,success,NGN,NG,
2336,success,NGN,NG,
2337,failed,NGN,NG,
2338,success,NGN,NG,
2339,success,NGN,NG,
2340,success,NGN,GB,
2341,success,NGN,NG,
2342,abandoned,USD,US,
2343,success,NGN,NG,
2344,success,NGN,NG,
2345,success,NGN,NG,
2346,abandoned,NGN,null,
2347,success,USD,US,
2348,abandoned,USD,US,
2349,success,NGN,NG,
2350,abandoned,NGN,NG,
2351,abandoned,NGN,null,
2352,success,NGN,NG,
2353,abandoned,USD,null,
2354,success,NGN,NG,
2355,success,USD,JP,
2356,abandoned,NGN,NG,
2357,abandoned,NGN,null,
2358,abandoned,NGN,null,
2359,abandoned,USD,null,
2360,failed,USD,GB,
2361,success,NGN,NG,
2362,success,NGN,NG,
2363,success,NGN,NG,
2364,abandoned,NGN,null,
2365,success,NGN,NG,
2366,abandoned,NGN,null,
2367,abandoned,USD,null,
2368,success,NGN,NG,
2369,abandoned,NGN,null,
2370,failed,NGN,NG,
2371,abandoned,NGN,null,
2372,abandoned,USD,CA,
2373,abandoned,NGN,null,
2374,success,NGN,NG,
2375,failed,NGN,NG,
2376,success,NGN,NG,
2377,abandoned,NGN,NG,
2378,abandoned,NGN,null,
2379,abandoned,NGN,GB,
2380,abandoned,NGN,null,
2381,abandoned,NGN,null,
2382,failed,NGN,NG,
2383,reversed,NGN,NG,
2384,success,NGN,NG,
2385,failed,NGN,NG,
2386,success,NGN,NG,
2387,success,NGN,NG,
2388,abandoned,NGN,NG,
2389,success,NGN,NG,
2390,success,USD,US,
2391,success,NGN,NG,
2392,success,USD,QA,
2393,abandoned,NGN,null,
2394,success,NGN,NG,
2395,failed,NGN,NG,
2396,abandoned,NGN,null,
2397,abandoned,USD,null,
2398,success,NGN,NG,
2399,success,NGN,NG,
2400,failed,USD,,
2401,success,NGN,NG,
2402,failed,NGN,NG,
2403,success,NGN,NG,
2404,success,NGN,NG,
2405,abandoned,NGN,null,
2406,success,NGN,NG,
2407,abandoned,NGN,null,
2408,abandoned,NGN,null,
2409,failed,USD,US,
2410,success,NGN,NG,
2411,abandoned,USD,null,
2412,abandoned,NGN,ZA,
2413,abandoned,NGN,null,
2414,abandoned,USD,US,
2415,success,NGN,NG,
2416,abandoned,NGN,null,
2417,abandoned,NGN,null,
2418,abandoned,NGN,null,
2419,success,NGN,US,
2420,abandoned,USD,null,
2421,abandoned,USD,null,
2422,abandoned,NGN,null,
2423,success,USD,GB,
2424,abandoned,NGN,null,
2425,abandoned,NGN,null,
2426,success,NGN,NG,
2427,failed,NGN,CA,
2428,abandoned,NGN,null,
2429,abandoned,NGN,null,
2430,abandoned,NGN,null,
2431,abandoned,NGN,null,
2432,abandoned,USD,US,
2433,abandoned,NGN,null,
2434,abandoned,USD,null,
2435,success,USD,GB,
2436,abandoned,NGN,null,
2437,success,NGN,NG,
2438,success,NGN,NG,
2439,success,NGN,NG,
2440,success,NGN,NG,
2441,failed,NGN,NG,
2442,success,NGN,NG,
2443,success,NGN,NG,
2444,abandoned,NGN,null,
2445,abandoned,NGN,null,
2446,abandoned,NGN,null,
2447,success,USD,US,
2448,success,NGN,NG,
2449,success,NGN,NG,
2450,abandoned,NGN,null,
2451,abandoned,NGN,null,
2452,abandoned,NGN,null,
2453,abandoned,NGN,null,
2454,success,NGN,NG,
2455,failed,USD,US,
2456,abandoned,NGN,null,
2457,failed,USD,NG,
2458,success,NGN,NG,
2459,abandoned,NGN,null,
2460,failed,NGN,NG,
2461,abandoned,NGN,null,
2462,failed,NGN,NG,
2463,failed,NGN,NG,
2464,success,NGN,NG,
2465,success,NGN,NG,
2466,abandoned,NGN,null,
2467,abandoned,NGN,NG,
2468,abandoned,NGN,null,
2469,success,NGN,NG,
2470,success,NGN,NG,
2471,success,NGN,NG,
2472,success,NGN,NG,
2473,abandoned,NGN,null,
2474,abandoned,NGN,null,
2475,success,NGN,NG,
2476,success,USD,US,
2477,success,NGN,NG,
2478,success,NGN,NG,
2479,abandoned,USD,null,
2480,abandoned,NGN,null,
2481,abandoned,NGN,null,
2482,abandoned,NGN,null,
2483,success,USD,US,
2484,success,NGN,NG,
2485,success,NGN,NG,
2486,abandoned,NGN,null,
2487,abandoned,USD,null,
2488,failed,NGN,NG,
2489,abandoned,USD,null,
2490,abandoned,NGN,null,
2491,failed,NGN,NG,
2492,success,NGN,NG,
2493,success,NGN,NG,
2494,success,USD,GB,
2495,abandoned,NGN,null,
2496,abandoned,NGN,null,
2497,failed,NGN,US,
2498,success,NGN,NG,
2499,abandoned,NGN,NG,
2500,success,NGN,NG,
2501,success,NGN,NG,
2502,abandoned,NGN,null,
2503,abandoned,NGN,null,
2504,failed,NGN,NG,
2505,success,NGN,NG,
2506,success,NGN,NG,
2507,success,NGN,NG,
2508,success,NGN,NG,
2509,abandoned,USD,null,
2510,abandoned,NGN,US,
2511,failed,NGN,NG,
2512,abandoned,NGN,null,
2513,abandoned,NGN,null,
2514,abandoned,NGN,null,
2515,success,NGN,NG,
2516,abandoned,NGN,null,
2517,success,USD,US,
2518,abandoned,NGN,null,
2519,success,NGN,GB,
2520,success,NGN,NG,
2521,success,NGN,NG,
2522,abandoned,NGN,null,
2523,abandoned,USD,US,
2524,abandoned,USD,null,
2525,failed,NGN,NG,
2526,failed,NGN,NG,
2527,abandoned,NGN,null,
2528,success,NGN,NG,
2529,success,NGN,NG,
2530,abandoned,NGN,null,
2531,abandoned,NGN,null,
2532,success,NGN,NG,
2533,failed,NGN,NG,
2534,success,NGN,NG,
2535,failed,USD,US,
2536,abandoned,NGN,null,
2537,success,NGN,NG,
2538,failed,NGN,NG,
2539,success,NGN,NG,
2540,failed,NGN,NG,
2541,success,NGN,NG,
2542,success,NGN,NG,
2543,success,NGN,NG,
2544,success,NGN,NG,
2545,success,NGN,NG,
2546,abandoned,NGN,null,
2547,abandoned,NGN,NG,
2548,failed,NGN,NG,
2549,success,USD,GB,
2550,abandoned,NGN,null,
2551,success,NGN,NG,
2552,abandoned,NGN,null,
2553,failed,NGN,NG,
2554,abandoned,NGN,null,
2555,success,NGN,NG,
2556,success,NGN,NG,
2557,success,NGN,US,
2558,success,NGN,NG,
2559,abandoned,NGN,null,
2560,abandoned,USD,null,
2561,failed,NGN,US,
2562,success,NGN,NG,
2563,failed,NGN,NG,
2564,abandoned,NGN,NG,
2565,success,NGN,NG,
2566,success,NGN,NG,
2567,abandoned,NGN,null,
2568,abandoned,NGN,null,
2569,failed,NGN,NG,
2570,reversed,USD,GB,
2571,failed,NGN,NG,
2572,success,NGN,NG,
2573,success,NGN,NG,
2574,success,NGN,NG,
2575,abandoned,NGN,null,
2576,success,NGN,NG,
2577,abandoned,USD,null,
2578,abandoned,NGN,null,
2579,success,NGN,NG,
2580,success,NGN,NG,
2581,success,NGN,GB,
2582,success,NGN,NG,
2583,abandoned,NGN,null,
2584,success,NGN,NG,
2585,success,USD,CA,
2586,failed,NGN,NG,
2587,success,NGN,NG,
2588,abandoned,USD,GB,
2589,success,NGN,NG,
2590,abandoned,NGN,null,
2591,success,NGN,NG,
2592,success,NGN,NG,
2593,abandoned,NGN,null,
2594,abandoned,NGN,null,
2595,success,NGN,NG,
2596,abandoned,NGN,null,
2597,success,NGN,NG,
2598,abandoned,NGN,null,
2599,success,NGN,NG,
2600,abandoned,NGN,null,
2601,success,NGN,NG,
2602,success,NGN,NG,
2603,abandoned,NGN,null,
2604,abandoned,NGN,null,
2605,success,USD,US,
2606,success,NGN,NG,
2607,abandoned,NGN,null,
2608,success,NGN,NG,
2609,failed,NGN,NG,
2610,abandoned,NGN,null,
2611,abandoned,USD,null,
2612,failed,NGN,NG,
2613,success,NGN,NG,
2614,abandoned,USD,null,
2615,failed,NGN,US,
2616,success,NGN,NG,
2617,abandoned,NGN,null,
2618,failed,NGN,NG,
2619,success,NGN,NG,
2620,abandoned,NGN,null,
2621,abandoned,USD,null,
2622,failed,NGN,null,
2623,success,NGN,NG,
2624,success,NGN,NG,
2625,abandoned,USD,null,
2626,abandoned,NGN,null,
2627,abandoned,NGN,null,
2628,abandoned,NGN,null,
2629,abandoned,NGN,null,
2630,success,NGN,NG,
2631,success,NGN,NG,
2632,abandoned,NGN,null,
2633,success,NGN,NG,
2634,failed,NGN,NG,
2635,success,NGN,NG,
2636,abandoned,NGN,NG,
2637,abandoned,NGN,null,
2638,abandoned,NGN,null,
2639,abandoned,NGN,null,
2640,success,NGN,NG,
2641,success,NGN,NG,
2642,success,NGN,NG,
2643,abandoned,NGN,null,
2644,abandoned,NGN,null,
2645,abandoned,NGN,null,
2646,failed,USD,US,
2647,abandoned,NGN,null,
2648,abandoned,NGN,null,
2649,success,NGN,NG,
2650,abandoned,NGN,null,
2651,success,NGN,NG,
2652,abandoned,NGN,null,
2653,abandoned,NGN,null,
2654,success,NGN,NG,
2655,abandoned,NGN,null,
2656,abandoned,NGN,null,
2657,failed,NGN,NG,
2658,failed,NGN,NG,
2659,success,NGN,NG,
2660,abandoned,NGN,null,
2661,abandoned,NGN,null,
2662,success,NGN,NG,
2663,success,NGN,CA,
2664,abandoned,NGN,null,
2665,success,NGN,GB,
2666,failed,NGN,NG,
2667,success,NGN,NG,
2668,abandoned,NGN,null,
2669,success,NGN,NG,
2670,abandoned,NGN,null,
2671,success,NGN,NG,
2672,success,NGN,NG,
2673,success,USD,GB,
2674,success,NGN,NG,
2675,abandoned,NGN,null,
2676,success,USD,US,
2677,abandoned,USD,null,
2678,abandoned,USD,null,
2679,failed,NGN,NG,
2680,abandoned,NGN,null,
2681,success,NGN,NG,
2682,success,NGN,NG,
2683,abandoned,USD,null,
2684,success,NGN,NG,
2685,abandoned,NGN,null,
2686,success,NGN,NG,
2687,abandoned,NGN,null,
2688,abandoned,NGN,null,
2689,abandoned,NGN,null,
2690,abandoned,NGN,null,
2691,failed,NGN,NG,
2692,abandoned,NGN,null,
2693,success,USD,NG,
2694,success,NGN,NG,
2695,abandoned,NGN,null,
2696,abandoned,NGN,null,
2697,failed,NGN,NG,
2698,success,NGN,NG,
2699,failed,NGN,NG,
2700,success,NGN,NG,
2701,success,NGN,NG,
2702,success,NGN,NG,
2703,success,NGN,NG,
2704,success,NGN,NG,
2705,abandoned,NGN,null,
2706,failed,NGN,NG,
2707,abandoned,NGN,NG,
2708,failed,USD,NG,
2709,success,NGN,GB,
2710,success,NGN,NG,
2711,success,NGN,NG,
2712,success,NGN,NG,
2713,success,NGN,NG,
2714,success,NGN,NG,
2715,success,NGN,NG,
2716,abandoned,NGN,null,
2717,abandoned,USD,CA,
2718,failed,NGN,NG,
2719,success,NGN,NG,
2720,success,USD,US,
2721,success,NGN,NG,
2722,abandoned,NGN,null,
2723,abandoned,NGN,null,
2724,success,NGN,NG,
2725,abandoned,NGN,null,
2726,success,NGN,NG,
2727,abandoned,NGN,null,
2728,failed,USD,NG,
2729,abandoned,NGN,null,
2730,success,NGN,NG,
2731,abandoned,NGN,null,
2732,success,NGN,NG,
2733,failed,NGN,NG,
2734,abandoned,USD,null,
2735,abandoned,NGN,null,
2736,abandoned,NGN,NG,
2737,abandoned,NGN,null,
2738,success,NGN,NG,
2739,abandoned,NGN,null,
2740,abandoned,NGN,NG,
2741,reversed,NGN,NG,
2742,success,NGN,NG,
2743,failed,USD,US,
2744,failed,USD,,
2745,abandoned,NGN,null,
2746,success,NGN,NG,
2747,success,NGN,NG,
2748,failed,USD,KY,
2749,success,NGN,NG,
2750,abandoned,NGN,null,
2751,success,USD,GB,
2752,success,USD,IE,
2753,abandoned,NGN,null,
2754,abandoned,NGN,null,
2755,abandoned,NGN,null,
2756,abandoned,NGN,null,
2757,failed,NGN,US,
2758,failed,NGN,NG,
2759,abandoned,USD,null,
2760,abandoned,NGN,null,
2761,success,NGN,NG,
2762,success,NGN,NG,
2763,success,NGN,NG,
2764,success,NGN,NG,
2765,abandoned,USD,null,
2766,success,USD,GB,
2767,success,NGN,NG,
2768,reversed,NGN,NG,
2769,abandoned,NGN,null,
2770,abandoned,NGN,null,
2771,abandoned,NGN,null,
2772,success,NGN,NG,
2773,success,NGN,NG,
2774,success,NGN,NG,
2775,success,NGN,NG,
2776,reversed,NGN,NG,
2777,abandoned,NGN,null,
2778,success,NGN,NG,
2779,failed,NGN,NG,
2780,abandoned,NGN,null,
2781,success,NGN,NG,
2782,success,NGN,NG,
2783,abandoned,USD,null,
2784,abandoned,NGN,null,
2785,abandoned,NGN,null,
2786,success,NGN,,
2787,success,NGN,NG,
2788,abandoned,NGN,NG,
2789,abandoned,USD,null,
2790,success,NGN,NG,
2791,success,NGN,NG,
2792,abandoned,NGN,null,
2793,abandoned,NGN,null,
2794,failed,NGN,NG,
2795,success,NGN,NG,
2796,abandoned,NGN,null,
2797,abandoned,NGN,null,
2798,success,NGN,NG,
2799,success,USD,NG,
2800,success,NGN,NG,
2801,abandoned,NGN,null,
2802,success,NGN,NG,
2803,abandoned,NGN,null,
2804,success,NGN,NG,
2805,abandoned,NGN,null,
2806,success,NGN,IE,
2807,success,NGN,NG,
2808,success,NGN,NG,
2809,failed,NGN,NG,
2810,success,NGN,NG,
2811,success,NGN,NG,
2812,success,NGN,NG,
2813,success,NGN,NG,
2814,success,NGN,NG,
2815,abandoned,NGN,null,
2816,abandoned,NGN,null,
2817,failed,USD,US,
2818,abandoned,NGN,null,
2819,failed,USD,US,
2820,success,NGN,NG,
2821,failed,NGN,GB,
2822,success,NGN,NG,
2823,abandoned,NGN,null,
2824,success,NGN,NG,
2825,failed,NGN,NG,
2826,abandoned,USD,BD,
2827,abandoned,NGN,null,
2828,success,NGN,FR,
2829,abandoned,NGN,null,
2830,success,NGN,GB,
2831,failed,NGN,NG,
2832,abandoned,NGN,null,
2833,abandoned,NGN,null,
2834,abandoned,USD,null,
2835,success,USD,US,
2836,failed,NGN,NG,
2837,abandoned,NGN,null,
2838,abandoned,USD,null,
2839,abandoned,NGN,null,
2840,success,NGN,NG,
2841,abandoned,USD,null,
2842,abandoned,NGN,null,
2843,success,NGN,NG,
2844,abandoned,USD,US,
2845,abandoned,USD,null,
2846,failed,NGN,NG,
2847,failed,NGN,NG,
2848,success,NGN,NG,
2849,success,NGN,NG,
2850,abandoned,NGN,null,
2851,failed,NGN,GB,
2852,success,NGN,NG,
2853,success,NGN,NG,
2854,success,NGN,NG,
2855,success,NGN,NG,
2856,success,USD,AE,
2857,success,NGN,NG,
2858,abandoned,NGN,NG,
2859,abandoned,NGN,null,
2860,success,NGN,NG,
2861,success,NGN,NG,
2862,success,NGN,NG,
2863,reversed,NGN,NG,
2864,abandoned,USD,null,
2865,abandoned,NGN,null,
2866,success,NGN,NG,
2867,success,NGN,NG,
2868,success,NGN,NG,
2869,abandoned,NGN,null,
2870,abandoned,NGN,null,
2871,success,NGN,US,
2872,abandoned,NGN,null,
2873,success,NGN,NG,
2874,abandoned,NGN,null,
2875,abandoned,NGN,null,
2876,abandoned,USD,null,
2877,abandoned,NGN,null,
2878,success,NGN,NG,
2879,success,NGN,CA,
2880,abandoned,NGN,,
2881,success,NGN,NG,
2882,success,NGN,NG,
2883,abandoned,NGN,null,
2884,abandoned,USD,null,
2885,failed,NGN,NG,
2886,success,NGN,NG,
2887,success,USD,US,
2888,abandoned,NGN,null,
2889,abandoned,NGN,null,
2890,success,USD,CA,
2891,failed,NGN,NG,
2892,abandoned,NGN,null,
2893,abandoned,NGN,null,
2894,abandoned,NGN,null,
2895,success,NGN,NG,
2896,failed,NGN,NG,
2897,failed,NGN,NG,
2898,success,NGN,NG,
2899,abandoned,NGN,null,
2900,success,NGN,NG,
2901,success,NGN,NG,
2902,abandoned,NGN,null,
2903,success,NGN,NG,
2904,failed,USD,US,
2905,success,NGN,NG,
2906,success,NGN,NG,
2907,success,NGN,NG,
2908,abandoned,NGN,null,
2909,abandoned,NGN,null,
2910,success,NGN,NG,
2911,success,NGN,NG,
2912,abandoned,NGN,null,
2913,success,NGN,NG,
2914,abandoned,NGN,NG,
2915,success,NGN,NG,
2916,abandoned,NGN,null,
2917,abandoned,NGN,null,
2918,success,USD,GB,
2919,success,NGN,NG,
2920,abandoned,NGN,null,
2921,abandoned,NGN,null,
2922,abandoned,USD,null,
2923,success,NGN,NG,
2924,failed,NGN,NG,
2925,abandoned,NGN,null,
2926,failed,USD,GB,
2927,abandoned,NGN,null,
2928,abandoned,NGN,null,
2929,abandoned,NGN,null,
2930,success,NGN,NG,
2931,abandoned,NGN,null,
2932,abandoned,NGN,null,
2933,abandoned,NGN,null,
2934,abandoned,NGN,null,
2935,success,NGN,NG,
2936,failed,NGN,US,
2937,abandoned,NGN,null,
2938,abandoned,NGN,null,
2939,success,NGN,NG,
2940,success,NGN,NG,
2941,success,NGN,NG,
2942,abandoned,USD,null,
2943,abandoned,NGN,null,
2944,abandoned,NGN,null,
2945,success,NGN,NG,
2946,success,NGN,NG,
2947,abandoned,NGN,null,
2948,abandoned,NGN,null,
2949,failed,NGN,NG,
2950,success,NGN,NG,
2951,abandoned,NGN,null,
2952,success,USD,US,
2953,abandoned,NGN,null,
2954,success,NGN,NG,
2955,failed,NGN,NG,
2956,success,NGN,NG,
2957,success,NGN,US,
2958,success,USD,US,
2959,abandoned,NGN,null,
2960,success,NGN,NG,
2961,abandoned,NGN,null,
2962,abandoned,NGN,null,
2963,abandoned,NGN,null,
2964,abandoned,NGN,null,
2965,failed,NGN,NG,
2966,success,NGN,NG,
2967,failed,USD,US,
2968,success,NGN,NG,
2969,success,NGN,NG,
2970,abandoned,NGN,null,
2971,abandoned,NGN,null,
2972,abandoned,USD,null,
2973,success,NGN,NG,
2974,abandoned,NGN,null,
2975,abandoned,NGN,null,
2976,abandoned,NGN,null,
2977,success,NGN,NG,
2978,abandoned,NGN,null,
2979,abandoned,NGN,null,
2980,reversed,NGN,GB,
2981,success,NGN,NG,
2982,success,NGN,NG,
2983,abandoned,NGN,NG,
2984,abandoned,USD,null,
2985,success,USD,US,
2986,failed,NGN,NG,
2987,failed,NGN,NG,
2988,abandoned,NGN,null,
2989,success,NGN,NG,
2990,abandoned,NGN,null,
2991,failed,NGN,NG,
2992,success,NGN,NG,
2993,abandoned,NGN,NG,
2994,reversed,NGN,NG,
2995,success,NGN,NG,
2996,abandoned,NGN,null,
2997,success,NGN,NG,
2998,success,USD,GB,
2999,reversed,NGN,NG,
3000,success,NGN,NG,
3001,abandoned,NGN,null,
3002,abandoned,NGN,null,
3003,success,NGN,NG,
3004,abandoned,NGN,null,
3005,abandoned,NGN,NG,
3006,success,NGN,NG,
3007,success,NGN,NG,
3008,abandoned,NGN,null,
3009,success,NGN,NG,
3010,failed,USD,US,
3011,reversed,NGN,NG,
3012,abandoned,NGN,null,
3013,failed,USD,US,
3014,abandoned,NGN,null,
3015,success,NGN,NG,
3016,abandoned,USD,null,
3017,abandoned,NGN,null,
3018,success,NGN,NG,
3019,abandoned,NGN,null,
3020,success,NGN,NG,
3021,abandoned,NGN,null,
3022,abandoned,NGN,null,
3023,success,NGN,NG,
3024,abandoned,NGN,NG,
3025,success,NGN,NG,
3026,reversed,NGN,NG,
3027,abandoned,NGN,null,
3028,success,NGN,NG,
3029,abandoned,NGN,null,
3030,abandoned,NGN,null,
3031,success,NGN,NG,
3032,abandoned,NGN,null,
3033,abandoned,NGN,null,
3034,abandoned,NGN,null,
3035,success,NGN,NG,
3036,success,NGN,NG,
3037,abandoned,NGN,null,
3038,success,NGN,NG,
3039,abandoned,USD,null,
3040,success,NGN,NG,
3041,success,NGN,NG,
3042,success,NGN,NG,
3043,success,NGN,NG,
3044,success,NGN,NG,
3045,abandoned,NGN,null,
3046,success,NGN,NG,
3047,abandoned,NGN,null,
3048,success,NGN,NG,
3049,success,NGN,NG,
3050,failed,NGN,NG,
3051,success,NGN,NG,
3052,success,NGN,NG,
3053,abandoned,NGN,null,
3054,abandoned,NGN,null,
3055,success,NGN,NG,
3056,abandoned,NGN,null,
3057,abandoned,NGN,null,
3058,abandoned,USD,null,
3059,abandoned,USD,null,
3060,abandoned,NGN,null,
3061,abandoned,USD,null,
3062,success,USD,US,
3063,abandoned,NGN,null,
3064,success,NGN,NG,
3065,success,NGN,NG,
3066,abandoned,NGN,null,
3067,success,NGN,NG,
3068,success,NGN,NG,
3069,abandoned,NGN,null,
3070,success,NGN,GB,
3071,abandoned,NGN,null,
3072,failed,NGN,NG,
3073,abandoned,NGN,NG,
3074,abandoned,NGN,null,
3075,abandoned,NGN,null,
3076,abandoned,NGN,null,
3077,success,NGN,NG,
3078,success,NGN,NG,
3079,success,NGN,NG,
3080,abandoned,USD,null,
3081,success,NGN,NG,
3082,failed,NGN,US,
3083,abandoned,NGN,NG,
3084,abandoned,NGN,null,
3085,abandoned,NGN,null,
3086,failed,USD,CA,
3087,success,NGN,NG,
3088,success,NGN,NG,
3089,success,NGN,NG,
3090,success,NGN,NG,
3091,abandoned,NGN,null,
3092,abandoned,USD,null,
3093,abandoned,NGN,null,
3094,failed,USD,US,
3095,failed,NGN,NG,
3096,abandoned,USD,null,
3097,abandoned,USD,US,
3098,abandoned,NGN,null,
3099,abandoned,NGN,NG,
3100,success,NGN,NG,
3101,success,NGN,NG,
3102,abandoned,USD,null,
3103,success,NGN,NG,
3104,success,NGN,NG,
3105,abandoned,NGN,NG,
3106,success,NGN,NG,
3107,abandoned,NGN,null,
3108,abandoned,NGN,null,
3109,failed,NGN,NG,
3110,abandoned,NGN,null,
3111,abandoned,NGN,null,
3112,success,NGN,NG,
3113,abandoned,NGN,NG,
3114,success,NGN,NG,
3115,success,NGN,NG,
3116,abandoned,NGN,null,
3117,success,NGN,NG,
3118,success,NGN,NG,
3119,abandoned,USD,null,
3120,abandoned,NGN,null,
3121,success,NGN,GB,
3122,success,NGN,NG,
3123,success,NGN,NG,
3124,success,NGN,NG,
3125,abandoned,NGN,null,
3126,success,NGN,NG,
3127,success,USD,US,
3128,abandoned,NGN,null,
3129,success,NGN,NG,
3130,abandoned,NGN,null,
3131,abandoned,NGN,null,
3132,abandoned,USD,null,
3133,success,USD,,
3134,failed,NGN,US,
3135,success,NGN,NG,
3136,abandoned,NGN,null,
3137,success,NGN,NG,
3138,success,NGN,NG,
3139,abandoned,NGN,null,
3140,failed,NGN,NG,
3141,abandoned,NGN,null,
3142,failed,NGN,NG,
3143,success,NGN,NG,
3144,success,NGN,NG,
3145,abandoned,NGN,null,
3146,success,NGN,NG,
3147,success,NGN,NG,
3148,success,NGN,NG,
3149,success,NGN,NG,
3150,abandoned,NGN,null,
3151,abandoned,NGN,null,
3152,abandoned,NGN,null,
3153,success,NGN,NG,
3154,abandoned,NGN,null,
3155,abandoned,USD,null,
3156,success,NGN,NG,
3157,abandoned,NGN,NG,
3158,abandoned,USD,US,
3159,failed,NGN,NG,
3160,abandoned,NGN,null,
3161,success,NGN,NG,
3162,success,NGN,NG,
3163,abandoned,NGN,null,
3164,success,NGN,NG,
3165,abandoned,NGN,null,
3166,success,USD,IE,
3167,abandoned,NGN,null,
3168,failed,NGN,NG,
3169,abandoned,NGN,NG,
3170,success,NGN,NG,
3171,abandoned,NGN,null,
3172,failed,NGN,NG,
3173,abandoned,NGN,null,
3174,abandoned,USD,null,
3175,success,NGN,NG,
3176,abandoned,NGN,null,
3177,abandoned,NGN,null,
3178,abandoned,NGN,null,
3179,failed,NGN,NG,
3180,success,NGN,NG,
3181,success,NGN,NG,
3182,success,NGN,NG,
3183,abandoned,USD,null,
3184,abandoned,NGN,null,
3185,abandoned,NGN,null,
3186,abandoned,NGN,null,
3187,success,NGN,NG,
3188,failed,USD,US,
3189,failed,NGN,NG,
3190,abandoned,NGN,null,
3191,success,NGN,NG,
3192,failed,NGN,NG,
3193,abandoned,USD,null,
3194,abandoned,NGN,null,
3195,failed,NGN,AU,
3196,abandoned,NGN,null,
3197,abandoned,USD,null,
3198,success,NGN,NG,
3199,success,NGN,NG,
3200,success,NGN,NG,
3201,failed,USD,NG,
3202,abandoned,NGN,null,
3203,failed,NGN,NG,
3204,abandoned,NGN,null,
3205,success,NGN,NG,
3206,abandoned,NGN,NG,
3207,success,USD,GB,
3208,abandoned,NGN,null,
3209,abandoned,NGN,null,
3210,abandoned,USD,null,
3211,abandoned,NGN,null,
3212,success,NGN,NG,
3213,abandoned,NGN,null,
3214,abandoned,NGN,null,
3215,abandoned,NGN,null,
3216,failed,USD,US,
3217,abandoned,NGN,null,
3218,abandoned,NGN,null,
3219,success,NGN,NG,
3220,abandoned,USD,null,
3221,success,NGN,NG,
3222,abandoned,NGN,null,
3223,abandoned,NGN,null,
3224,abandoned,NGN,null,
3225,success,NGN,NG,
3226,abandoned,NGN,null,
3227,failed,NGN,NG,
3228,abandoned,NGN,null,
3229,abandoned,NGN,NG,
3230,success,NGN,NG,
3231,abandoned,NGN,null,
3232,success,NGN,NG,
3233,success,NGN,NG,
3234,abandoned,NGN,null,
3235,abandoned,NGN,null,
3236,abandoned,NGN,null,
3237,abandoned,NGN,null,
3238,success,NGN,NG,
3239,success,NGN,NG,
3240,failed,NGN,GB,
3241,success,NGN,NG,
3242,abandoned,USD,IT,
3243,abandoned,USD,null,
3244,abandoned,NGN,null,
3245,abandoned,NGN,null,
3246,abandoned,USD,null,
3247,success,NGN,NG,
3248,abandoned,NGN,NG,
3249,failed,NGN,US,
3250,abandoned,NGN,null,
3251,success,USD,GB,
3252,abandoned,NGN,null,
3253,abandoned,NGN,null,
3254,success,NGN,US,
3255,abandoned,NGN,NG,
3256,failed,NGN,NG,
3257,abandoned,NGN,null,
3258,failed,USD,NG,
3259,abandoned,NGN,null,
3260,failed,NGN,NG,
3261,abandoned,NGN,null,
3262,failed,USD,US,
3263,abandoned,NGN,null,
3264,success,USD,GB,
3265,abandoned,USD,null,
3266,success,USD,US,
3267,success,NGN,NG,
3268,abandoned,NGN,null,
3269,abandoned,NGN,null,
3270,abandoned,USD,FR,
3271,abandoned,NGN,null,
3272,abandoned,NGN,NG,
3273,abandoned,NGN,null,
3274,abandoned,USD,null,
3275,success,NGN,NG,
